component,category,subcategory,baseline_date,Spring_flag,Winter_flag,projected_fiscal_year,projected_year_number,value,actual_value,GDP,legislative_deficit_change,legislative_debt_change,adjusted_projection,projection_error,leg_change_pct_GDP,projection_error_pct_GDP
debt,Total,Total,1984-02-01,True,False,1984,1,1330.000,1306.975,3949.175,-0.642,-0.642,1329.358,22.383,-0.016,0.567
debt,Total,Total,1985-02-01,True,False,1985,1,1526.000,1507.260,4265.125,1.523,1.523,1527.523,20.263,0.036,0.475
debt,Total,Total,1986-02-01,True,False,1986,1,1721.000,1740.623,4526.250,-4.927,-4.927,1716.073,-24.550,-0.109,-0.542
debt,Total,Total,1987-02-01,True,False,1987,1,1913.000,1889.753,4767.650,3.154,3.154,1916.154,26.401,0.066,0.554
debt,Total,Total,1988-03-01,True,False,1988,1,2046.000,2051.616,5138.550,0.054,0.054,2046.054,-5.562,0.001,-0.108
debt,Total,Total,1989-02-01,True,False,1989,1,2194.000,2190.716,5554.675,14.564,14.564,2208.564,17.848,0.262,0.321
debt,Total,Total,1990-03-01,True,False,1990,1,2344.000,2411.558,5898.750,0.157,0.157,2344.157,-67.401,0.003,-1.143
debt,Total,Total,1991-03-01,True,False,1991,1,2704.000,2688.999,6093.175,3.491,3.491,2707.491,18.492,0.057,0.303
debt,Total,Total,1992-03-01,True,False,1992,1,3049.000,2999.737,6416.250,-0.824,-0.824,3048.176,48.439,-0.013,0.755
debt,Total,Total,1993-03-01,True,False,1993,1,3282.000,3248.396,6775.325,3.644,3.644,3285.644,37.248,0.054,0.550
debt,Total,Total,1994-04-01,True,False,1994,1,3465.000,3433.065,7176.850,0.261,0.261,3465.261,32.196,0.004,0.449
debt,Total,Total,1995-04-01,True,False,1995,1,3618.000,3604.378,7560.425,0.197,0.197,3618.197,13.819,0.003,0.183
debt,Total,Total,1996-05-01,True,False,1996,1,3770.000,3734.073,7951.325,0.986,0.986,3770.986,36.913,0.012,0.464
debt,Total,Total,1997-03-01,True,False,1997,1,3864.000,3772.344,8451.025,-1.912,-1.912,3862.088,89.744,-0.023,1.062
debt,Total,Total,1998-03-01,True,False,1998,1,3774.000,3721.099,8930.800,0.470,0.470,3774.470,53.371,0.005,0.598
debt,Total,Total,1999-04-01,True,False,1999,1,3628.000,3632.363,9479.625,3.708,3.708,3631.708,-0.655,0.039,-0.007
debt,Total,Total,2000-04-01,True,False,2000,1,3452.000,3409.804,10117.075,23.148,23.148,3475.148,65.344,0.229,0.646
debt,Total,Total,2001-05-01,True,False,2001,1,3169.000,3319.615,10525.725,83.691,83.691,3252.691,-66.924,0.795,-0.636
debt,Total,Total,2002-03-01,True,False,2002,1,3355.000,3540.427,10828.875,58.945,58.945,3413.945,-126.482,0.544,-1.168
debt,Total,Total,2003-03-01,True,False,2003,1,3816.000,3913.443,11278.750,98.992,98.992,3914.992,1.549,0.878,0.014
debt,Total,Total,2004-03-01,True,False,2004,1,4385.000,4295.544,12028.425,-2.765,-2.765,4382.235,86.691,-0.023,0.721
debt,Total,Total,2005-03-01,True,False,2005,1,4656.000,4592.212,12839.950,34.882,34.882,4690.882,98.670,0.272,0.768
debt,Total,Total,2006-03-01,True,False,2006,1,4931.000,4828.972,13636.750,30.376,30.376,4961.376,132.404,0.223,0.971
debt,Total,Total,2007-03-01,True,False,2007,1,5010.000,5035.129,14305.375,28.712,28.712,5038.712,3.583,0.201,0.025
debt,Total,Total,2008-03-01,True,False,2008,1,5367.000,5803.050,14796.575,39.957,39.957,5406.957,-396.093,0.270,-2.677
debt,Total,Total,2009-03-01,True,False,2009,1,7703.000,7544.707,14467.300,31.373,31.373,7734.373,189.666,0.217,1.311
debt,Total,Total,2010-03-01,True,False,2010,1,9021.000,9018.882,14884.400,29.112,29.112,9050.112,31.230,0.196,0.210
debt,Total,Total,2011-03-01,True,False,2011,1,10363.000,10128.187,15466.525,2.830,2.830,10365.830,237.643,0.018,1.536
debt,Total,Total,2012-03-01,True,False,2012,1,11347.000,11281.131,16109.425,1.848,1.848,11348.848,67.717,0.011,0.420
debt,Total,Total,2013-05-01,True,False,2013,1,12036.000,11982.713,16687.775,8.080,8.080,12044.080,61.367,0.048,0.368
debt,Total,Total,2014-04-01,True,False,2014,1,12740.000,12779.899,17428.100,-0.020,-0.020,12739.980,-39.919,-0.000,-0.229
debt,Total,Total,2015-03-01,True,False,2015,1,13366.000,13116.692,18164.250,9.482,9.482,13375.482,258.790,0.052,1.425
debt,Total,Total,2016-03-01,True,False,2016,1,13951.000,14167.624,18641.325,-0.000,0.000,13951.000,-216.624,0.000,-1.162
debt,Total,Total,2017-06-01,True,False,2017,1,14656.000,14665.439,19375.175,-0.200,-0.200,14655.800,-9.639,-0.001,-0.050
debt,Total,Total,2018-05-01,True,False,2018,1,15676.000,15749.567,20436.325,-0.000,0.000,15676.000,-73.567,0.000,-0.360
debt,Total,Total,2019-05-01,True,False,2019,1,16621.000,16800.700,21286.150,7.939,7.939,16628.939,-171.761,0.037,-0.807
debt,Total,Total,2020-03-01,True,False,2020,1,17835.000,21016.669,21320.225,2317.308,2317.308,20152.308,-864.361,10.869,-4.054
debt,Total,Total,2021-07-01,True,False,2021,1,23012.000,22284.040,23004.125,-0.000,0.000,23012.000,727.960,0.000,3.164
debt,Total,Total,2022-05-01,True,False,2022,1,24172.581,24253.445,25517.575,1.566,1.566,24174.147,-79.298,0.006,-0.311
debt,Total,Total,2023-05-01,True,False,2023,1,25767.150,26235.602,27330.050,-3.404,-3.404,25763.746,-471.856,-0.012,-1.727
debt,Total,Total,2024-06-01,True,False,2024,1,28177.636,28199.313,28828.175,0.001,0.001,28177.637,-21.676,0.000,-0.075
debt,Total,Total,1984-02-01,True,False,1985,2,1539.000,1507.260,4265.125,3.961,3.319,1542.319,35.059,0.078,0.822
debt,Total,Total,1985-02-01,True,False,1986,2,1745.000,1740.623,4526.250,-20.161,-18.638,1726.362,-14.261,-0.412,-0.315
debt,Total,Total,1986-02-01,True,False,1987,2,1903.000,1889.753,4767.650,-41.567,-46.494,1856.506,-33.247,-0.975,-0.697
debt,Total,Total,1987-02-01,True,False,1988,2,2081.000,2051.616,5138.550,-34.785,-31.631,2049.369,-2.247,-0.616,-0.044
debt,Total,Total,1988-03-01,True,False,1989,2,2222.000,2190.716,5554.675,20.265,20.319,2242.319,51.603,0.366,0.929
debt,Total,Total,1989-02-01,True,False,1990,2,2340.000,2411.558,5898.750,-6.377,8.187,2348.187,-63.371,0.139,-1.074
debt,Total,Total,1990-03-01,True,False,1991,2,2504.000,2688.999,6093.175,-28.341,-28.184,2475.816,-213.183,-0.463,-3.499
debt,Total,Total,1991-03-01,True,False,1992,2,2992.000,2999.737,6416.250,40.419,43.910,3035.910,36.173,0.684,0.564
debt,Total,Total,1992-03-01,True,False,1993,2,3385.000,3248.396,6775.325,4.317,3.493,3388.493,140.097,0.052,2.068
debt,Total,Total,1993-03-01,True,False,1994,2,3572.000,3433.065,7176.850,-20.334,-16.690,3555.310,122.245,-0.233,1.703
debt,Total,Total,1994-04-01,True,False,1995,2,3653.000,3604.378,7560.425,2.509,2.770,3655.770,51.392,0.037,0.680
debt,Total,Total,1995-04-01,True,False,1996,2,3843.000,3734.073,7951.325,-16.260,-16.063,3826.937,92.864,-0.202,1.168
debt,Total,Total,1996-05-01,True,False,1997,2,3967.000,3772.344,8451.025,-16.222,-15.236,3951.764,179.420,-0.180,2.123
debt,Total,Total,1997-03-01,True,False,1998,2,4004.000,3721.099,8930.800,20.501,18.589,4022.589,301.490,0.208,3.376
debt,Total,Total,1998-03-01,True,False,1999,2,3781.000,3632.363,9479.625,22.247,22.717,3803.717,171.354,0.240,1.808
debt,Total,Total,1999-04-01,True,False,2000,2,3512.000,3409.804,10117.075,60.586,64.294,3576.294,166.490,0.635,1.646
debt,Total,Total,2000-04-01,True,False,2001,2,3226.000,3319.615,10525.725,166.923,190.071,3416.071,96.456,1.806,0.916
debt,Total,Total,2001-05-01,True,False,2002,2,2870.000,3540.427,10828.875,149.927,233.618,3103.618,-436.809,2.157,-4.034
debt,Total,Total,2002-03-01,True,False,2003,2,3361.000,3913.443,11278.750,206.329,265.274,3626.274,-287.169,2.352,-2.546
debt,Total,Total,2003-03-01,True,False,2004,2,4013.000,4295.544,12028.425,229.526,328.518,4341.518,45.974,2.731,0.382
debt,Total,Total,2004-03-01,True,False,2005,2,4762.000,4592.212,12839.950,64.023,61.258,4823.258,231.046,0.477,1.799
debt,Total,Total,2005-03-01,True,False,2006,2,4965.000,4828.972,13636.750,146.971,181.853,5146.853,317.881,1.334,2.331
debt,Total,Total,2006-03-01,True,False,2007,2,5206.000,5035.129,14305.375,130.898,161.274,5367.274,332.145,1.127,2.322
debt,Total,Total,2007-03-01,True,False,2008,2,5137.000,5803.050,14796.575,335.046,363.758,5500.758,-302.292,2.458,-2.043
debt,Total,Total,2008-03-01,True,False,2009,2,5591.000,7544.707,14467.300,641.271,681.228,6272.228,-1272.479,4.709,-8.796
debt,Total,Total,2009-03-01,True,False,2010,2,8658.000,9018.882,14884.400,193.168,224.541,8882.541,-136.341,1.509,-0.916
debt,Total,Total,2010-03-01,True,False,2011,2,9862.000,10128.187,15466.525,545.814,574.926,10436.926,308.739,3.717,1.996
debt,Total,Total,2011-03-01,True,False,2012,2,11516.000,11281.131,16109.425,119.852,122.682,11638.682,357.551,0.762,2.220
debt,Total,Total,2012-03-01,True,False,2013,2,12068.000,11982.713,16687.775,338.611,340.459,12408.459,425.746,2.040,2.551
debt,Total,Total,2013-05-01,True,False,2014,2,12685.000,12779.899,17428.100,52.251,60.331,12745.331,-34.568,0.346,-0.198
debt,Total,Total,2014-04-01,True,False,2015,2,13285.000,13116.692,18164.250,96.348,96.328,13381.328,264.636,0.530,1.457
debt,Total,Total,2015-03-01,True,False,2016,2,13897.000,14167.624,18641.325,183.074,192.556,14089.556,-78.068,1.033,-0.419
debt,Total,Total,2016-03-01,True,False,2017,2,14572.000,14665.439,19375.175,18.702,18.702,14590.702,-74.737,0.097,-0.386
debt,Total,Total,2017-06-01,True,False,2018,2,15537.000,15749.567,20436.325,270.690,270.490,15807.490,57.923,1.324,0.283
debt,Total,Total,2018-05-01,True,False,2019,2,16743.000,16800.700,21286.150,-0.162,-0.162,16742.838,-57.862,-0.001,-0.272
debt,Total,Total,2019-05-01,True,False,2020,2,17576.000,21016.669,21320.225,2477.520,2485.459,20061.459,-955.210,11.658,-4.480
debt,Total,Total,2020-03-01,True,False,2021,2,18816.000,22284.040,23004.125,2585.212,4902.520,23718.520,1434.480,21.311,6.236
debt,Total,Total,2021-07-01,True,False,2022,2,24392.000,24253.445,25517.575,48.399,48.399,24440.399,186.954,0.190,0.733
debt,Total,Total,2022-05-01,True,False,2023,2,25192.786,26235.602,27330.050,13.291,14.857,25207.643,-1027.959,0.054,-3.761
debt,Total,Total,2023-05-01,True,False,2024,2,27387.880,28199.313,28828.175,-29.150,-32.554,27355.326,-843.987,-0.113,-2.928
debt,Total,Total,1984-02-01,True,False,1986,3,1770.000,1740.623,4526.250,-38.338,-35.019,1734.981,-5.642,-0.774,-0.125
debt,Total,Total,1985-02-01,True,False,1987,3,1984.000,1889.753,4767.650,-91.926,-110.564,1873.436,-16.317,-2.319,-0.342
debt,Total,Total,1986-02-01,True,False,1988,3,2068.000,2051.616,5138.550,-54.376,-100.870,1967.130,-84.486,-1.963,-1.644
debt,Total,Total,1987-02-01,True,False,1989,3,2244.000,2190.716,5554.675,-19.443,-51.074,2192.926,2.210,-0.919,0.040
debt,Total,Total,1988-03-01,True,False,1990,3,2391.000,2411.558,5898.750,-5.948,14.371,2405.371,-6.187,0.244,-0.105
debt,Total,Total,1989-02-01,True,False,1991,3,2485.000,2688.999,6093.175,-34.504,-26.317,2458.683,-230.316,-0.432,-3.780
debt,Total,Total,1990-03-01,True,False,1992,3,2627.000,2999.737,6416.250,-25.441,-53.625,2573.375,-426.362,-0.836,-6.645
debt,Total,Total,1991-03-01,True,False,1993,3,3211.000,3248.396,6775.325,15.724,59.634,3270.634,22.238,0.880,0.328
debt,Total,Total,1992-03-01,True,False,1994,3,3656.000,3433.065,7176.850,-18.197,-14.704,3641.296,208.231,-0.205,2.901
debt,Total,Total,1993-03-01,True,False,1995,3,3861.000,3604.378,7560.425,-46.121,-62.811,3798.189,193.811,-0.831,2.563
debt,Total,Total,1994-04-01,True,False,1996,3,3846.000,3734.073,7951.325,-13.976,-11.206,3834.794,100.721,-0.141,1.267
debt,Total,Total,1995-04-01,True,False,1997,3,4090.000,3772.344,8451.025,-23.166,-39.229,4050.771,278.427,-0.464,3.295
debt,Total,Total,1996-05-01,True,False,1998,3,4181.000,3721.099,8930.800,12.615,-2.621,4178.379,457.280,-0.029,5.120
debt,Total,Total,1997-03-01,True,False,1999,3,4167.000,3632.363,9479.625,19.191,37.780,4204.780,572.417,0.399,6.038
debt,Total,Total,1998-03-01,True,False,2000,3,3793.000,3409.804,10117.075,70.668,93.385,3886.385,476.581,0.923,4.711
debt,Total,Total,1999-04-01,True,False,2001,3,3372.000,3319.615,10525.725,187.275,251.569,3623.569,303.954,2.390,2.888
debt,Total,Total,2000-04-01,True,False,2002,3,2934.000,3540.427,10828.875,292.402,482.473,3416.473,-123.954,4.455,-1.145
debt,Total,Total,2001-05-01,True,False,2003,3,2537.000,3913.443,11278.750,364.535,598.153,3135.153,-778.290,5.303,-6.900
debt,Total,Total,2002-03-01,True,False,2004,3,3314.000,4295.544,12028.425,332.834,598.108,3912.108,-383.436,4.972,-3.188
debt,Total,Total,2003-03-01,True,False,2005,3,4142.000,4592.212,12839.950,259.709,588.227,4730.227,138.015,4.581,1.075
debt,Total,Total,2004-03-01,True,False,2006,3,5048.000,4828.972,13636.750,155.806,217.064,5265.064,436.092,1.592,3.198
debt,Total,Total,2005-03-01,True,False,2007,3,5246.000,5035.129,14305.375,227.375,409.228,5655.228,620.099,2.861,4.335
debt,Total,Total,2006-03-01,True,False,2008,3,5470.000,5803.050,14796.575,390.778,552.052,6022.052,219.002,3.731,1.480
debt,Total,Total,2007-03-01,True,False,2009,3,5285.000,7544.707,14467.300,724.841,1088.599,6373.599,-1171.108,7.525,-8.095
debt,Total,Total,2008-03-01,True,False,2010,3,5822.000,9018.882,14884.400,690.522,1371.750,7193.750,-1825.132,9.216,-12.262
debt,Total,Total,2009-03-01,True,False,2011,3,9340.000,10128.187,15466.525,646.280,870.821,10210.821,82.634,5.630,0.534
debt,Total,Total,2010-03-01,True,False,2012,3,10551.000,11281.131,16109.425,544.987,1119.913,11670.913,389.782,6.952,2.420
debt,Total,Total,2011-03-01,True,False,2013,3,12311.000,11982.713,16687.775,267.491,390.173,12701.173,718.460,2.338,4.305
debt,Total,Total,2012-03-01,True,False,2014,3,12556.000,12779.899,17428.100,390.868,731.327,13287.327,507.428,4.196,2.912
debt,Total,Total,2013-05-01,True,False,2015,3,13156.000,13116.692,18164.250,121.158,181.489,13337.489,220.797,0.999,1.216
debt,Total,Total,2014-04-01,True,False,2016,3,13884.000,14167.624,18641.325,154.687,251.015,14135.015,-32.609,1.347,-0.175
debt,Total,Total,2015-03-01,True,False,2017,3,14428.000,14665.439,19375.175,163.430,355.986,14783.986,118.547,1.837,0.612
debt,Total,Total,2016-03-01,True,False,2018,3,15177.000,15749.567,20436.325,297.462,316.164,15493.164,-256.403,1.547,-1.255
debt,Total,Total,2017-06-01,True,False,2019,3,16282.000,16800.700,21286.150,459.084,729.574,17011.574,210.874,3.427,0.991
debt,Total,Total,2018-05-01,True,False,2020,3,17804.000,21016.669,21320.225,2446.387,2446.225,20250.225,-766.444,11.474,-3.595
debt,Total,Total,2019-05-01,True,False,2021,3,18589.000,22284.040,23004.125,2776.096,5261.555,23850.555,1566.515,22.872,6.810
debt,Total,Total,2020-03-01,True,False,2022,3,19996.000,24253.445,25517.575,529.727,5432.247,25428.247,1174.802,21.288,4.604
debt,Total,Total,2021-07-01,True,False,2023,3,25156.000,26235.602,27330.050,113.294,161.693,25317.693,-917.909,0.592,-3.359
debt,Total,Total,2022-05-01,True,False,2024,3,26217.049,28199.313,28828.175,107.971,122.828,26339.877,-1859.436,0.426,-6.450
debt,Total,Total,1984-02-01,True,False,1987,4,2029.000,1889.753,4767.650,-119.904,-154.923,1874.077,-15.676,-3.249,-0.329
debt,Total,Total,1985-02-01,True,False,1988,4,2240.000,2051.616,5138.550,-133.059,-243.623,1996.377,-55.239,-4.741,-1.075
debt,Total,Total,1986-02-01,True,False,1989,4,2211.000,2190.716,5554.675,-31.896,-132.766,2078.234,-112.482,-2.390,-2.025
debt,Total,Total,1987-02-01,True,False,1990,4,2378.000,2411.558,5898.750,-53.275,-104.349,2273.651,-137.907,-1.769,-2.338
debt,Total,Total,1988-03-01,True,False,1991,4,2547.000,2688.999,6093.175,-33.951,-19.580,2527.420,-161.579,-0.321,-2.652
debt,Total,Total,1989-02-01,True,False,1992,4,2624.000,2999.737,6416.250,-32.388,-58.705,2565.295,-434.442,-0.915,-6.771
debt,Total,Total,1990-03-01,True,False,1993,4,2758.000,3248.396,6775.325,-70.229,-123.854,2634.146,-614.250,-1.828,-9.066
debt,Total,Total,1991-03-01,True,False,1994,4,3379.000,3433.065,7176.850,-12.591,47.043,3426.043,-7.022,0.655,-0.098
debt,Total,Total,1992-03-01,True,False,1995,4,3865.000,3604.378,7560.425,-45.923,-60.627,3804.373,199.995,-0.802,2.645
debt,Total,Total,1993-03-01,True,False,1996,4,4157.000,3734.073,7951.325,-93.763,-156.574,4000.426,266.353,-1.969,3.350
debt,Total,Total,1994-04-01,True,False,1997,4,4055.000,3772.344,8451.025,-21.579,-32.785,4022.215,249.871,-0.388,2.957
debt,Total,Total,1995-04-01,True,False,1998,4,4338.000,3721.099,8930.800,10.492,-28.737,4309.263,588.164,-0.322,6.586
debt,Total,Total,1996-05-01,True,False,1999,4,4422.000,3632.363,9479.625,8.405,5.784,4427.784,795.421,0.061,8.391
debt,Total,Total,1997-03-01,True,False,2000,4,4353.000,3409.804,10117.075,50.287,88.067,4441.067,1031.263,0.870,10.193
debt,Total,Total,1998-03-01,True,False,2001,4,3795.000,3319.615,10525.725,194.656,288.041,4083.041,763.426,2.737,7.253
debt,Total,Total,1999-04-01,True,False,2002,4,3176.000,3540.427,10828.875,312.433,564.002,3740.002,199.575,5.208,1.843
debt,Total,Total,2000-04-01,True,False,2003,4,2622.000,3913.443,11278.750,521.974,1004.447,3626.447,-286.996,8.906,-2.545
debt,Total,Total,2001-05-01,True,False,2004,4,2157.000,4295.544,12028.425,520.022,1118.175,3275.175,-1020.369,9.296,-8.483
debt,Total,Total,2002-03-01,True,False,2005,4,3219.000,4592.212,12839.950,345.706,943.814,4162.814,-429.398,7.351,-3.344
debt,Total,Total,2003-03-01,True,False,2006,4,4212.000,4828.972,13636.750,326.380,914.607,5126.607,297.635,6.707,2.183
debt,Total,Total,2004-03-01,True,False,2007,4,5335.000,5035.129,14305.375,191.470,408.534,5743.534,708.405,2.856,4.952
debt,Total,Total,2005-03-01,True,False,2008,4,5506.000,5803.050,14796.575,476.878,886.106,6392.106,589.056,5.989,3.981
debt,Total,Total,2006-03-01,True,False,2009,4,5706.000,7544.707,14467.300,776.195,1328.247,7034.247,-510.460,9.181,-3.528
debt,Total,Total,2007-03-01,True,False,2010,4,5455.000,9018.882,14884.400,773.887,1862.486,7317.486,-1701.396,12.513,-11.431
debt,Total,Total,2008-03-01,True,False,2011,4,5933.000,10128.187,15466.525,867.413,2239.163,8172.163,-1956.024,14.477,-12.647
debt,Total,Total,2009-03-01,True,False,2012,4,9712.000,11281.131,16109.425,660.523,1531.344,11243.344,-37.787,9.506,-0.235
debt,Total,Total,2010-03-01,True,False,2013,4,11112.000,11982.713,16687.775,354.446,1474.359,12586.359,603.646,8.835,3.617
debt,Total,Total,2011-03-01,True,False,2014,4,12919.000,12779.899,17428.100,247.970,638.143,13557.143,777.244,3.662,4.460
debt,Total,Total,2012-03-01,True,False,2015,4,12909.000,13116.692,18164.250,423.456,1154.783,14063.783,947.091,6.357,5.214
debt,Total,Total,2013-05-01,True,False,2016,4,13666.000,14167.624,18641.325,146.480,327.969,13993.969,-173.655,1.759,-0.932
debt,Total,Total,2014-04-01,True,False,2017,4,14523.000,14665.439,19375.175,140.552,391.567,14914.567,249.128,2.021,1.286
debt,Total,Total,2015-03-01,True,False,2018,4,14983.000,15749.567,20436.325,391.738,747.724,15730.724,-18.843,3.659,-0.092
debt,Total,Total,2016-03-01,True,False,2019,4,15934.000,16800.700,21286.150,495.770,811.934,16745.934,-54.766,3.814,-0.257
debt,Total,Total,2017-06-01,True,False,2020,4,17108.000,21016.669,21320.225,2831.034,3560.608,20668.608,-348.061,16.701,-1.633
debt,Total,Total,2018-05-01,True,False,2021,4,18970.000,22284.040,23004.125,2730.887,5177.112,24147.112,1863.072,22.505,8.099
debt,Total,Total,2019-05-01,True,False,2022,4,19748.000,24253.445,25517.575,743.478,6005.033,25753.033,1499.588,23.533,5.877
debt,Total,Total,2020-03-01,True,False,2023,4,21144.000,26235.602,27330.050,220.021,5652.268,26796.268,560.666,20.682,2.051
debt,Total,Total,2021-07-01,True,False,2024,4,25959.000,28199.313,28828.175,275.107,436.800,26395.800,-1803.513,1.515,-6.256
debt,Total,Total,1984-02-01,True,False,1988,5,2316.000,2051.616,5138.550,-166.236,-321.159,1994.841,-56.775,-6.250,-1.105
debt,Total,Total,1985-02-01,True,False,1989,5,2519.000,2190.716,5554.675,-144.262,-387.885,2131.115,-59.601,-6.983,-1.073
debt,Total,Total,1986-02-01,True,False,1990,5,2331.000,2411.558,5898.750,-73.310,-206.076,2124.924,-286.634,-3.494,-4.859
debt,Total,Total,1987-02-01,True,False,1991,5,2485.000,2688.999,6093.175,-85.976,-190.325,2294.675,-394.324,-3.124,-6.472
debt,Total,Total,1988-03-01,True,False,1992,5,2700.000,2999.737,6416.250,-32.216,-51.796,2648.204,-351.533,-0.807,-5.479
debt,Total,Total,1989-02-01,True,False,1993,5,2758.000,3248.396,6775.325,-66.828,-125.533,2632.467,-615.929,-1.853,-9.091
debt,Total,Total,1990-03-01,True,False,1994,5,2878.000,3433.065,7176.850,-141.694,-265.548,2612.452,-820.613,-3.700,-11.434
debt,Total,Total,1991-03-01,True,False,1995,5,3451.000,3604.378,7560.425,-40.465,6.578,3457.578,-146.800,0.087,-1.942
debt,Total,Total,1992-03-01,True,False,1996,5,4061.000,3734.073,7951.325,-94.585,-155.212,3905.788,171.715,-1.952,2.160
debt,Total,Total,1993-03-01,True,False,1997,5,4484.000,3772.344,8451.025,-138.668,-295.242,4188.758,416.414,-3.494,4.927
debt,Total,Total,1994-04-01,True,False,1998,5,4260.000,3721.099,8930.800,13.163,-19.622,4240.378,519.279,-0.220,5.814
debt,Total,Total,1995-04-01,True,False,1999,5,4621.000,3632.363,9479.625,4.382,-24.355,4596.645,964.282,-0.257,10.172
debt,Total,Total,1996-05-01,True,False,2000,5,4687.000,3409.804,10117.075,38.030,43.814,4730.814,1321.010,0.433,13.057
debt,Total,Total,1997-03-01,True,False,2001,5,4534.000,3319.615,10525.725,170.452,258.519,4792.519,1472.904,2.456,13.993
debt,Total,Total,1998-03-01,True,False,2002,5,3743.000,3540.427,10828.875,321.371,609.412,4352.412,811.985,5.628,7.498
debt,Total,Total,1999-04-01,True,False,2003,5,2979.000,3913.443,11278.750,534.540,1098.542,4077.542,164.099,9.740,1.455
debt,Total,Total,2000-04-01,True,False,2004,5,2285.000,4295.544,12028.425,689.272,1693.719,3978.719,-316.825,14.081,-2.634
debt,Total,Total,2001-05-01,True,False,2005,5,1738.000,4592.212,12839.950,543.618,1661.793,3399.793,-1192.419,12.942,-9.287
debt,Total,Total,2002-03-01,True,False,2006,5,3099.000,4828.972,13636.750,393.564,1337.378,4436.378,-392.594,9.807,-2.879
debt,Total,Total,2003-03-01,True,False,2007,5,4233.000,5035.129,14305.375,384.384,1298.991,5531.991,496.862,9.080,3.473
debt,Total,Total,2004-03-01,True,False,2008,5,5633.000,5803.050,14796.575,422.046,830.580,6463.580,660.530,5.613,4.464
debt,Total,Total,2005-03-01,True,False,2009,5,5737.000,7544.707,14467.300,847.207,1733.313,7470.313,-74.394,11.981,-0.514
debt,Total,Total,2006-03-01,True,False,2010,5,5934.000,9018.882,14884.400,812.993,2141.240,8075.240,-943.642,14.386,-6.340
debt,Total,Total,2007-03-01,True,False,2011,5,5502.000,10128.187,15466.525,957.058,2819.544,8321.544,-1806.643,18.230,-11.681
debt,Total,Total,2008-03-01,True,False,2012,5,5845.000,11281.131,16109.425,795.208,3034.371,8879.371,-2401.760,18.836,-14.909
debt,Total,Total,2009-03-01,True,False,2013,5,10016.000,11982.713,16687.775,476.759,2008.103,12024.103,41.390,12.033,0.248
debt,Total,Total,2010-03-01,True,False,2014,5,11606.000,12779.899,17428.100,198.779,1673.138,13279.138,499.239,9.600,2.865
debt,Total,Total,2011-03-01,True,False,2015,5,13554.000,13116.692,18164.250,200.211,838.354,14392.354,1275.662,4.615,7.023
debt,Total,Total,2012-03-01,True,False,2016,5,13263.000,14167.624,18641.325,498.538,1653.321,14916.321,748.697,8.869,4.016
debt,Total,Total,2013-05-01,True,False,2017,5,14223.000,14665.439,19375.175,108.285,436.254,14659.254,-6.185,2.252,-0.032
debt,Total,Total,2014-04-01,True,False,2018,5,15202.000,15749.567,20436.325,368.433,760.000,15962.000,212.433,3.719,1.039
debt,Total,Total,2015-03-01,True,False,2019,5,15654.000,16800.700,21286.150,586.977,1334.701,16988.701,188.001,6.270,0.883
debt,Total,Total,2016-03-01,True,False,2020,5,16771.000,21016.669,21320.225,2866.729,3678.663,20449.663,-567.006,17.254,-2.659
debt,Total,Total,2017-06-01,True,False,2021,5,18037.000,22284.040,23004.125,3045.706,6606.314,24643.314,2359.274,28.718,10.256
debt,Total,Total,2018-05-01,True,False,2022,5,20290.000,24253.445,25517.575,680.549,5857.661,26147.661,1894.216,22.955,7.423
debt,Total,Total,2019-05-01,True,False,2023,5,20910.000,26235.602,27330.050,450.894,6455.927,27365.927,1130.325,23.622,4.136
debt,Total,Total,2020-03-01,True,False,2024,5,22338.000,28199.313,28828.175,430.347,6082.615,28420.615,221.302,21.100,0.768
debt,Total,Total,1984-02-01,True,False,1989,6,2638.000,2190.716,5554.675,-185.791,-506.950,2131.050,-59.666,-9.127,-1.074
debt,Total,Total,1985-02-01,True,False,1990,6,2820.000,2411.558,5898.750,-223.245,-611.130,2208.870,-202.688,-10.360,-3.436
debt,Total,Total,1986-02-01,True,False,1991,6,2437.000,2688.999,6093.175,-112.480,-318.556,2118.444,-570.555,-5.228,-9.364
debt,Total,Total,1987-02-01,True,False,1992,6,2568.000,2999.737,6416.250,-87.586,-277.911,2290.089,-709.648,-4.331,-11.060
debt,Total,Total,1988-03-01,True,False,1993,6,2838.000,3248.396,6775.325,-67.758,-119.554,2718.446,-529.950,-1.765,-7.822
debt,Total,Total,1989-02-01,True,False,1994,6,2888.000,3433.065,7176.850,-151.407,-276.940,2611.060,-822.005,-3.859,-11.454
debt,Total,Total,1990-03-01,True,False,1995,6,2988.000,3604.378,7560.425,-199.578,-465.126,2522.874,-1081.504,-6.152,-14.305
debt,Total,Total,1991-03-01,True,False,1996,6,3520.000,3734.073,7951.325,-89.749,-83.171,3436.829,-297.244,-1.046,-3.738
debt,Total,Total,1992-03-01,True,False,1997,6,4304.000,3772.344,8451.025,-139.531,-294.743,4009.257,236.913,-3.488,2.803
debt,Total,Total,1993-03-01,True,False,1998,6,4850.000,3721.099,8930.800,-130.641,-425.883,4424.117,703.018,-4.769,7.872
debt,Total,Total,1994-04-01,True,False,1999,6,4492.000,3632.363,9479.625,7.657,-11.965,4480.035,847.672,-0.126,8.942
debt,Total,Total,1995-04-01,True,False,2000,6,4938.000,3409.804,10117.075,33.103,8.748,4946.748,1536.944,0.086,15.192
debt,Total,Total,1996-05-01,True,False,2001,6,4966.000,3319.615,10525.725,157.163,200.977,5166.977,1847.362,1.909,17.551
debt,Total,Total,1997-03-01,True,False,2002,6,4735.000,3540.427,10828.875,229.477,487.996,5222.996,1682.569,4.506,15.538
debt,Total,Total,1998-03-01,True,False,2003,6,3706.000,3913.443,11278.750,542.572,1151.984,4857.984,944.541,10.214,8.375
debt,Total,Total,1999-04-01,True,False,2004,6,2756.000,4295.544,12028.425,701.026,1799.568,4555.568,260.024,14.961,2.162
debt,Total,Total,2000-04-01,True,False,2005,6,1916.000,4592.212,12839.950,728.976,2422.695,4338.695,-253.517,18.868,-1.974
debt,Total,Total,2001-05-01,True,False,2006,6,1306.000,4828.972,13636.750,632.751,2294.544,3600.544,-1228.428,16.826,-9.008
debt,Total,Total,2002-03-01,True,False,2007,6,2938.000,5035.129,14305.375,453.393,1790.771,4728.771,-306.358,12.518,-2.142
debt,Total,Total,2003-03-01,True,False,2008,6,4217.000,5803.050,14796.575,637.761,1936.752,6153.752,350.702,13.089,2.370
debt,Total,Total,2004-03-01,True,False,2009,6,5927.000,7544.707,14467.300,783.881,1614.461,7541.461,-3.246,11.159,-0.022
debt,Total,Total,2005-03-01,True,False,2010,6,5949.000,9018.882,14884.400,896.135,2629.448,8578.448,-440.434,17.666,-2.959
debt,Total,Total,2006-03-01,True,False,2011,6,6062.000,10128.187,15466.525,981.716,3122.956,9184.956,-943.231,20.192,-6.099
debt,Total,Total,2007-03-01,True,False,2012,6,5358.000,11281.131,16109.425,882.096,3701.640,9059.640,-2221.491,22.978,-13.790
debt,Total,Total,2008-03-01,True,False,2013,6,5792.000,11982.713,16687.775,590.706,3625.077,9417.077,-2565.636,21.723,-15.374
debt,Total,Total,2009-03-01,True,False,2014,6,10372.000,12779.899,17428.100,283.412,2291.515,12663.515,-116.384,13.148,-0.668
debt,Total,Total,2010-03-01,True,False,2015,6,12103.000,13116.692,18164.250,163.551,1836.689,13939.689,822.997,10.112,4.531
debt,Total,Total,2011-03-01,True,False,2016,6,14282.000,14167.624,18641.325,218.039,1056.393,15338.393,1170.769,5.667,6.281
debt,Total,Total,2012-03-01,True,False,2017,6,13560.000,14665.439,19375.175,523.198,2176.519,15736.519,1071.080,11.234,5.528
debt,Total,Total,2013-05-01,True,False,2018,6,14827.000,15749.567,20436.325,326.989,763.243,15590.243,-159.324,3.735,-0.780
debt,Total,Total,2014-04-01,True,False,2019,6,15977.000,16800.700,21286.150,569.286,1329.286,17306.286,505.586,6.245,2.375
debt,Total,Total,2015-03-01,True,False,2020,6,16409.000,21016.669,21320.225,2915.972,4250.673,20659.673,-356.996,19.937,-1.674
debt,Total,Total,2016-03-01,True,False,2021,6,17692.000,22284.040,23004.125,3086.331,6764.994,24456.994,2172.954,29.408,9.446
debt,Total,Total,2017-06-01,True,False,2022,6,19109.000,24253.445,25517.575,958.891,7565.205,26674.205,2420.760,29.647,9.487
debt,Total,Total,2018-05-01,True,False,2023,6,21609.000,26235.602,27330.050,377.581,6235.242,27844.242,1608.640,22.815,5.886
debt,Total,Total,2019-05-01,True,False,2024,6,22021.000,28199.313,28828.175,675.856,7131.783,29152.783,953.470,24.739,3.307
debt,Total,Total,1996-05-01,True,False,2002,7,5268.000,3540.427,10828.875,212.387,413.364,5681.364,2140.937,3.817,19.771
debt,Total,Total,1997-03-01,True,False,2003,7,4949.000,3913.443,11278.750,470.284,958.280,5907.280,1993.837,8.496,17.678
debt,Total,Total,1998-03-01,True,False,2004,7,3651.000,4295.544,12028.425,707.900,1859.884,5510.884,1215.340,15.462,10.104
debt,Total,Total,1999-04-01,True,False,2005,7,2508.000,4592.212,12839.950,740.289,2539.857,5047.857,455.645,19.781,3.549
debt,Total,Total,2000-04-01,True,False,2006,7,1485.000,4828.972,13636.750,829.074,3251.769,4736.769,-92.203,23.846,-0.676
debt,Total,Total,2001-05-01,True,False,2007,7,1185.000,5035.129,14305.375,722.704,3017.248,4202.248,-832.881,21.092,-5.822
debt,Total,Total,2002-03-01,True,False,2008,7,2739.000,5803.050,14796.575,713.130,2503.901,5242.901,-560.149,16.922,-3.786
debt,Total,Total,2003-03-01,True,False,2009,7,4165.000,7544.707,14467.300,1012.224,2948.976,7113.976,-430.731,20.384,-2.977
debt,Total,Total,2004-03-01,True,False,2010,7,6212.000,9018.882,14884.400,826.477,2440.938,8652.938,-365.944,16.399,-2.459
debt,Total,Total,2005-03-01,True,False,2011,7,6054.000,10128.187,15466.525,1070.183,3699.631,9753.631,-374.556,23.920,-2.422
debt,Total,Total,2006-03-01,True,False,2012,7,6014.000,11281.131,16109.425,905.806,4028.762,10042.762,-1238.369,25.009,-7.687
debt,Total,Total,2007-03-01,True,False,2013,7,5229.000,11982.713,16687.775,702.582,4404.222,9633.222,-2349.491,26.392,-14.079
debt,Total,Total,2008-03-01,True,False,2014,7,5717.000,12779.899,17428.100,429.476,4054.553,9771.553,-3008.346,23.264,-17.261
debt,Total,Total,2009-03-01,True,False,2015,7,10684.000,13116.692,18164.250,306.829,2598.344,13282.344,165.652,14.305,0.912
debt,Total,Total,2010-03-01,True,False,2016,7,12653.000,14167.624,18641.325,283.389,2120.078,14773.078,605.454,11.373,3.248
debt,Total,Total,2011-03-01,True,False,2017,7,14964.000,14665.439,19375.175,256.995,1313.388,16277.388,1611.949,6.779,8.320
debt,Total,Total,2012-03-01,True,False,2018,7,13820.000,15749.567,20436.325,807.916,2984.435,16804.435,1054.868,14.604,5.162
debt,Total,Total,2013-05-01,True,False,2019,7,15537.000,16800.700,21286.150,513.859,1277.102,16814.102,13.402,6.000,0.063
debt,Total,Total,2014-04-01,True,False,2020,7,16835.000,21016.669,21320.225,2898.266,4227.552,21062.552,45.883,19.829,0.215
debt,Total,Total,2015-03-01,True,False,2021,7,17226.000,22284.040,23004.125,3135.055,7385.728,24611.728,2327.688,32.106,10.119
debt,Total,Total,2016-03-01,True,False,2022,7,18766.000,24253.445,25517.575,1000.818,7765.812,26531.812,2278.367,30.433,8.929
debt,Total,Total,2017-06-01,True,False,2023,7,20212.000,26235.602,27330.050,620.096,8185.301,28397.301,2161.699,29.950,7.910
debt,Total,Total,2018-05-01,True,False,2024,7,22904.000,28199.313,28828.175,590.648,6825.890,29729.890,1530.577,23.678,5.309
debt,Total,Total,1996-05-01,True,False,2003,8,5593.000,3913.443,11278.750,451.043,864.407,6457.407,2543.964,7.664,22.555
debt,Total,Total,1997-03-01,True,False,2004,8,5179.000,4295.544,12028.425,624.878,1583.158,6762.158,2466.614,13.162,20.507
debt,Total,Total,1998-03-01,True,False,2005,8,3591.000,4592.212,12839.950,744.019,2603.903,6194.903,1602.691,20.280,12.482
debt,Total,Total,1999-04-01,True,False,2006,8,2212.000,4828.972,13636.750,840.414,3380.271,5592.271,763.299,24.788,5.597
debt,Total,Total,2000-04-01,True,False,2007,8,1142.000,5035.129,14305.375,931.780,4183.549,5325.549,290.420,29.245,2.030
debt,Total,Total,2001-05-01,True,False,2008,8,1100.000,5803.050,14796.575,1006.967,4024.215,5124.215,-678.835,27.197,-4.588
debt,Total,Total,2002-03-01,True,False,2009,8,2489.000,7544.707,14467.300,1095.192,3599.093,6088.093,-1456.614,24.877,-10.068
debt,Total,Total,2003-03-01,True,False,2010,8,4077.000,9018.882,14884.400,1067.242,4016.218,8093.218,-925.664,26.983,-6.219
debt,Total,Total,2004-03-01,True,False,2011,8,6400.000,10128.187,15466.525,985.018,3425.956,9825.956,-302.231,22.151,-1.954
debt,Total,Total,2005-03-01,True,False,2012,8,6004.000,11281.131,16109.425,996.880,4696.511,10700.511,-580.620,29.154,-3.604
debt,Total,Total,2006-03-01,True,False,2013,8,5968.000,11982.713,16687.775,732.885,4761.647,10729.647,-1253.066,28.534,-7.509
debt,Total,Total,2007-03-01,True,False,2014,8,5075.000,12779.899,17428.100,539.740,4943.962,10018.962,-2760.937,28.368,-15.842
debt,Total,Total,2008-03-01,True,False,2015,8,5627.000,13116.692,18164.250,433.693,4488.246,10115.246,-3001.446,24.709,-16.524
debt,Total,Total,2009-03-01,True,False,2016,8,11034.000,14167.624,18641.325,417.580,3015.924,14049.924,-117.700,16.179,-0.631
debt,Total,Total,2010-03-01,True,False,2017,8,13222.000,14665.439,19375.175,288.649,2408.727,15630.727,965.288,12.432,4.982
debt,Total,Total,2011-03-01,True,False,2018,8,15640.000,15749.567,20436.325,520.741,1834.129,17474.129,1724.562,8.975,8.439
debt,Total,Total,2012-03-01,True,False,2019,8,14123.000,16800.700,21286.150,1031.711,4016.146,18139.146,1338.446,18.867,6.288
debt,Total,Total,2013-05-01,True,False,2020,8,16330.000,21016.669,21320.225,2835.182,4112.284,20442.284,-574.385,19.288,-2.694
debt,Total,Total,2014-04-01,True,False,2021,8,17769.000,22284.040,23004.125,3120.117,7347.669,25116.669,2832.629,31.941,12.314
debt,Total,Total,2015-03-01,True,False,2022,8,18179.000,24253.445,25517.575,1062.690,8448.418,26627.418,2373.973,33.108,9.303
debt,Total,Total,2016-03-01,True,False,2023,8,19880.000,26235.602,27330.050,663.592,8429.404,28309.404,2073.802,30.843,7.588
debt,Total,Total,2017-06-01,True,False,2024,8,21342.000,28199.313,28828.175,826.409,9011.710,30353.710,2154.397,31.260,7.473
debt,Total,Total,1996-05-01,True,False,2004,9,5947.000,4295.544,12028.425,603.272,1467.679,7414.679,3119.135,12.202,25.931
debt,Total,Total,1997-03-01,True,False,2005,9,5445.000,4592.212,12839.950,649.162,2232.320,7677.320,3085.108,17.386,24.027
debt,Total,Total,1998-03-01,True,False,2006,9,3491.000,4828.972,13636.750,843.421,3447.324,6938.324,2109.352,25.280,15.468
debt,Total,Total,1999-04-01,True,False,2007,9,1886.000,5035.129,14305.375,943.872,4324.143,6210.143,1175.014,30.227,8.214
debt,Total,Total,2000-04-01,True,False,2008,9,1078.000,5803.050,14796.575,1234.508,5418.057,6496.057,693.007,36.617,4.684
debt,Total,Total,2001-05-01,True,False,2009,9,1007.000,7544.707,14467.300,1413.351,5437.566,6444.566,-1100.141,37.585,-7.604
debt,Total,Total,2002-03-01,True,False,2010,9,2193.000,9018.882,14884.400,1158.914,4758.007,6951.007,-2067.875,31.966,-13.893
debt,Total,Total,2003-03-01,True,False,2011,9,3854.000,10128.187,15466.525,1237.379,5253.597,9107.597,-1020.590,33.968,-6.599
debt,Total,Total,2004-03-01,True,False,2012,9,6450.000,11281.131,16109.425,904.829,4330.785,10780.785,-500.346,26.884,-3.106
debt,Total,Total,2005-03-01,True,False,2013,9,5941.000,11982.713,16687.775,831.023,5527.534,11468.534,-514.179,33.123,-3.081
debt,Total,Total,2006-03-01,True,False,2014,9,5901.000,12779.899,17428.100,573.082,5334.729,11235.729,-1544.170,30.610,-8.860
debt,Total,Total,2007-03-01,True,False,2015,9,4895.000,13116.692,18164.250,553.018,5496.980,10391.980,-2724.712,30.263,-15.000
debt,Total,Total,2008-03-01,True,False,2016,9,5563.000,14167.624,18641.325,536.984,5025.230,10588.230,-3579.394,26.957,-19.201
debt,Total,Total,2009-03-01,True,False,2017,9,11365.000,14665.439,19375.175,433.387,3449.311,14814.311,148.872,17.803,0.768
debt,Total,Total,2010-03-01,True,False,2018,9,13803.000,15749.567,20436.325,544.401,2953.128,16756.128,1006.561,14.450,4.925
debt,Total,Total,2011-03-01,True,False,2019,9,16393.000,16800.700,21286.150,723.729,2557.858,18950.858,2150.158,12.017,10.101
debt,Total,Total,2012-03-01,True,False,2020,9,14432.000,21016.669,21320.225,3414.352,7430.498,21862.498,845.829,34.852,3.967
debt,Total,Total,2013-05-01,True,False,2021,9,17168.000,22284.040,23004.125,3052.161,7164.445,24332.445,2048.405,31.144,8.905
debt,Total,Total,2014-04-01,True,False,2022,9,18823.000,24253.445,25517.575,1048.750,8396.419,27219.419,2965.974,32.904,11.623
debt,Total,Total,2015-03-01,True,False,2023,9,19138.000,26235.602,27330.050,741.243,9189.661,28327.661,2092.059,33.625,7.655
debt,Total,Total,2016-03-01,True,False,2024,9,21012.000,28199.313,28828.175,871.375,9300.779,30312.779,2113.466,32.263,7.331
debt,Total,Total,1996-05-01,True,False,2005,10,6333.000,4592.212,12839.950,624.190,2091.869,8424.869,3832.657,16.292,29.849
debt,Total,Total,1997-03-01,True,False,2006,10,5722.000,4828.972,13636.750,724.740,2957.060,8679.060,3850.088,21.684,28.233
debt,Total,Total,1998-03-01,True,False,2007,10,3375.000,5035.129,14305.375,946.530,4393.854,7768.854,2733.725,30.715,19.110
debt,Total,Total,1999-04-01,True,False,2008,10,1540.000,5803.050,14796.575,1247.317,5571.460,7111.460,1308.410,37.654,8.843
debt,Total,Total,2000-04-01,True,False,2009,10,1016.000,7544.707,14467.300,1658.249,7076.306,8092.306,547.599,48.912,3.785
debt,Total,Total,2001-05-01,True,False,2010,10,953.000,9018.882,14884.400,1515.576,6953.142,7906.142,-1112.740,46.714,-7.476
debt,Total,Total,2002-03-01,True,False,2011,10,1750.000,10128.187,15466.525,1337.402,6095.409,7845.409,-2282.778,39.410,-14.759
debt,Total,Total,2003-03-01,True,False,2012,10,3456.000,11281.131,16109.425,1179.477,6433.074,9889.074,-1392.057,39.934,-8.641
debt,Total,Total,2004-03-01,True,False,2013,10,6496.000,11982.713,16687.775,732.925,5063.710,11559.710,-423.003,30.344,-2.535
debt,Total,Total,2005-03-01,True,False,2014,10,5847.000,12779.899,17428.100,678.681,6206.215,12053.215,-726.684,35.610,-4.170
debt,Total,Total,2006-03-01,True,False,2015,10,5816.000,13116.692,18164.250,588.069,5922.798,11738.798,-1377.894,32.607,-7.586
debt,Total,Total,2007-03-01,True,False,2016,10,4737.000,14167.624,18641.325,664.621,6161.601,10898.601,-3269.023,33.053,-17.536
debt,Total,Total,2008-03-01,True,False,2017,10,5444.000,14665.439,19375.175,547.407,5572.637,11016.637,-3648.802,28.762,-18.832
debt,Total,Total,2009-03-01,True,False,2018,10,11334.000,15749.567,20436.325,702.290,4151.601,15485.601,-263.966,20.315,-1.292
debt,Total,Total,2010-03-01,True,False,2019,10,14493.000,16800.700,21286.150,741.511,3694.639,18187.639,1386.939,17.357,6.516
debt,Total,Total,2011-03-01,True,False,2020,10,17192.000,21016.669,21320.225,3072.109,5629.967,22821.967,1805.298,26.407,8.468
debt,Total,Total,2012-03-01,True,False,2021,10,14741.000,22284.040,23004.125,3698.733,11129.231,25870.231,3586.191,48.379,15.589
debt,Total,Total,2013-05-01,True,False,2022,10,18118.000,24253.445,25517.575,959.939,8124.384,26242.384,1988.939,31.838,7.794
debt,Total,Total,2014-04-01,True,False,2023,10,19885.000,26235.602,27330.050,728.194,9124.613,29009.613,2774.011,33.387,10.150
debt,Total,Total,2015-03-01,True,False,2024,10,20089.000,28199.313,28828.175,960.977,10150.638,30239.638,2040.325,35.211,7.078
debt,Total,Total,1996-05-01,True,False,2006,11,6746.000,4828.972,13636.750,696.628,2788.497,9534.497,4705.525,20.448,34.506
debt,Total,Total,1997-03-01,True,False,2007,11,6011.000,5035.129,14305.375,836.769,3793.829,9804.829,4769.700,26.520,33.342
debt,Total,Total,1998-03-01,True,False,2008,11,3251.000,5803.050,14796.575,1248.788,5642.642,8893.642,3090.592,38.135,20.887
debt,Total,Total,1999-04-01,True,False,2009,11,1168.000,7544.707,14467.300,1671.631,7243.091,8411.091,866.384,50.065,5.989
debt,Total,Total,2000-04-01,True,False,2010,11,941.000,9018.882,14884.400,1777.728,8854.034,9795.034,776.152,59.485,5.215
debt,Total,Total,2001-05-01,True,False,2011,11,898.000,10128.187,15466.525,1656.138,8609.280,9507.280,-620.907,55.664,-4.015
debt,Total,Total,2002-03-01,True,False,2012,11,1107.000,11281.131,16109.425,1287.467,7382.876,8489.876,-2791.255,45.830,-17.327
debt,Total,Total,2003-03-01,True,False,2013,11,3003.000,11982.713,16687.775,1032.573,7465.647,10468.647,-1514.066,44.737,-9.073
debt,Total,Total,2004-03-01,True,False,2014,11,6525.000,12779.899,17428.100,575.115,5638.825,12163.825,-616.074,32.355,-3.535
debt,Total,Total,2005-03-01,True,False,2015,11,5726.000,13116.692,18164.250,700.694,6906.909,12632.909,-483.783,38.025,-2.663
debt,Total,Total,2006-03-01,True,False,2016,11,5749.000,14167.624,18641.325,702.552,6625.350,12374.350,-1793.274,35.541,-9.620
debt,Total,Total,2007-03-01,True,False,2017,11,4525.000,14665.439,19375.175,683.613,6845.214,11370.214,-3295.225,35.330,-17.007
debt,Total,Total,2008-03-01,True,False,2018,11,5255.000,15749.567,20436.325,818.621,6391.258,11646.258,-4103.309,31.274,-20.079
debt,Total,Total,2009-03-01,True,False,2019,11,11753.000,16800.700,21286.150,915.243,5066.844,16819.844,19.144,23.803,0.090
debt,Total,Total,2010-03-01,True,False,2020,11,15226.000,21016.669,21320.225,3089.073,6783.712,22009.712,993.043,31.818,4.658
debt,Total,Total,2011-03-01,True,False,2021,11,18008.000,22284.040,23004.125,3328.649,8958.616,26966.616,4682.576,38.944,20.355
debt,Total,Total,2012-03-01,True,False,2022,11,15115.000,24253.445,25517.575,1670.823,12800.054,27915.054,3661.609,50.162,14.349
debt,Total,Total,2013-05-01,True,False,2023,11,19070.000,26235.602,27330.050,621.640,8746.024,27816.024,1580.422,32.001,5.783
debt,Total,Total,2014-04-01,True,False,2024,11,20947.000,28199.313,28828.175,943.094,10067.707,31014.707,2815.394,34.923,9.766
