component,category,subcategory,baseline_date,Spring_flag,Winter_flag,projected_fiscal_year,projected_year_number,value,actual_value,GDP,legislative_deficit_change,adjusted_projection,projection_error,leg_change_pct_GDP,projection_error_pct_GDP
deficit,Total,Total,1984-02-01,True,False,1984,1,-204.600,-185.369,3949.175,0.642,-203.958,18.589,0.016,0.471
deficit,Total,Total,1985-02-01,True,False,1985,1,-214.718,-212.307,4265.125,-1.523,-216.241,3.934,-0.036,0.092
deficit,Total,Total,1986-02-01,True,False,1986,1,-208.865,-221.228,4526.250,4.927,-203.938,-17.290,0.109,-0.382
deficit,Total,Total,1987-02-01,True,False,1987,1,-175.739,-149.730,4767.650,-3.154,-178.893,29.163,-0.066,0.612
deficit,Total,Total,1988-03-01,True,False,1988,1,-160.837,-155.178,5138.550,-0.054,-160.891,5.713,-0.001,0.111
deficit,Total,Total,1989-02-01,True,False,1989,1,-158.918,-152.638,5554.675,-14.564,-173.482,20.844,-0.262,0.375
deficit,Total,Total,1990-03-01,True,False,1990,1,-158.703,-221.037,5898.750,-0.157,-158.860,-62.177,-0.003,-1.054
deficit,Total,Total,1991-03-01,True,False,1991,1,-308.795,-269.238,6093.175,-3.491,-312.286,43.048,-0.057,0.706
deficit,Total,Total,1992-03-01,True,False,1992,1,-367.581,-290.323,6416.250,0.824,-366.757,76.434,0.013,1.191
deficit,Total,Total,1993-03-01,True,False,1993,1,-301.564,-255.050,6775.325,-3.644,-305.208,50.158,-0.054,0.740
deficit,Total,Total,1994-04-01,True,False,1994,1,-227.773,-203.183,7176.850,-0.261,-228.034,24.851,-0.004,0.346
deficit,Total,Total,1995-04-01,True,False,1995,1,-174.648,-163.952,7560.425,-0.197,-174.845,10.893,-0.003,0.144
deficit,Total,Total,1996-05-01,True,False,1996,1,-143.967,-107.431,7951.325,-0.986,-144.953,37.522,-0.012,0.472
deficit,Total,Total,1997-03-01,True,False,1997,1,-115.071,-21.884,8451.025,1.912,-113.159,91.275,0.023,1.080
deficit,Total,Total,1998-03-01,True,False,1998,1,7.673,69.270,8930.800,-0.470,7.203,62.067,-0.005,0.695
deficit,Total,Total,1999-04-01,True,False,1999,1,110.505,125.610,9479.625,-3.708,106.797,18.813,-0.039,0.198
deficit,Total,Total,2000-04-01,True,False,2000,1,179.394,236.241,10117.075,-23.148,156.246,79.995,-0.229,0.791
deficit,Total,Total,2001-05-01,True,False,2001,1,275.242,128.236,10525.725,-83.691,191.551,-63.315,-0.795,-0.602
deficit,Total,Total,2002-03-01,True,False,2002,1,5.168,-157.758,10828.875,-58.945,-53.777,-103.981,-0.544,-0.960
deficit,Total,Total,2003-03-01,True,False,2003,1,-245.880,-377.585,11278.750,-98.992,-344.872,-32.713,-0.878,-0.290
deficit,Total,Total,2004-03-01,True,False,2004,1,-477.439,-412.727,12028.425,2.765,-474.674,61.947,0.023,0.515
deficit,Total,Total,2005-03-01,True,False,2005,1,-364.571,-318.346,12839.950,-34.882,-399.453,81.107,-0.272,0.632
deficit,Total,Total,2006-03-01,True,False,2006,1,-335.803,-248.181,13636.750,-30.376,-366.179,117.998,-0.223,0.865
deficit,Total,Total,2007-03-01,True,False,2007,1,-176.856,-160.701,14305.375,-28.712,-205.568,44.867,-0.201,0.314
deficit,Total,Total,2008-03-01,True,False,2008,1,-356.839,-458.553,14796.575,-39.957,-396.796,-61.757,-0.270,-0.417
deficit,Total,Total,2009-03-01,True,False,2009,1,-1376.647,-1321.424,14467.300,-31.373,-1408.020,86.596,-0.217,0.599
deficit,Total,Total,2010-03-01,True,False,2010,1,-1347.969,-1253.915,14884.400,-29.112,-1377.081,123.166,-0.196,0.827
deficit,Total,Total,2011-03-01,True,False,2011,1,-1388.190,-1294.421,15466.525,-2.830,-1391.020,96.599,-0.018,0.625
deficit,Total,Total,2012-03-01,True,False,2012,1,-1161.748,-1076.468,16109.425,-1.848,-1163.596,87.128,-0.011,0.541
deficit,Total,Total,2013-05-01,True,False,2013,1,-753.939,-776.448,16687.775,-8.080,-762.019,-14.429,-0.048,-0.086
deficit,Total,Total,2014-04-01,True,False,2014,1,-574.601,-559.186,17428.100,0.020,-574.581,15.395,0.000,0.088
deficit,Total,Total,2015-03-01,True,False,2015,1,-511.388,-464.693,18164.250,-9.482,-520.870,56.177,-0.052,0.309
deficit,Total,Total,2016-03-01,True,False,2016,1,-552.221,-598.969,18641.325,0.000,-552.221,-46.748,0.000,-0.251
deficit,Total,Total,2017-06-01,True,False,2017,1,-721.675,-694.023,19375.175,0.200,-721.475,27.452,0.001,0.142
deficit,Total,Total,2018-05-01,True,False,2018,1,-798.185,-788.567,20436.325,0.000,-798.185,9.618,0.000,0.047
deficit,Total,Total,2019-05-01,True,False,2019,1,-920.400,-1002.770,21286.150,-7.939,-928.339,-74.431,-0.037,-0.350
deficit,Total,Total,2020-03-01,True,False,2020,1,-1077.514,-3136.694,21320.225,-2317.308,-3394.822,258.128,-10.869,1.211
deficit,Total,Total,2021-07-01,True,False,2021,1,-3008.013,-2780.278,23004.125,0.000,-3008.013,227.735,0.000,0.990
deficit,Total,Total,2022-05-01,True,False,2022,1,-1041.499,-1003.096,25517.575,-1.566,-1043.065,39.969,-0.006,0.157
deficit,Total,Total,2023-05-01,True,False,2023,1,-1545.640,-2032.976,27330.050,3.404,-1542.236,-490.740,0.012,-1.796
deficit,Total,Total,2024-06-01,True,False,2024,1,-1921.487,-1838.709,28828.175,-0.001,-1921.488,82.779,-0.000,0.287
deficit,Total,Total,1984-02-01,True,False,1985,2,-212.000,-212.307,4265.125,-3.961,-215.961,3.654,-0.093,0.086
deficit,Total,Total,1985-02-01,True,False,1986,2,-219.512,-221.228,4526.250,20.161,-199.351,-21.877,0.445,-0.483
deficit,Total,Total,1986-02-01,True,False,1987,2,-182.666,-149.730,4767.650,41.567,-141.099,-8.631,0.872,-0.181
deficit,Total,Total,1987-02-01,True,False,1988,2,-170.684,-155.178,5138.550,34.785,-135.899,-19.279,0.677,-0.375
deficit,Total,Total,1988-03-01,True,False,1989,2,-177.061,-152.638,5554.675,-20.265,-197.326,44.688,-0.365,0.805
deficit,Total,Total,1989-02-01,True,False,1990,2,-146.249,-221.037,5898.750,6.377,-139.872,-81.165,0.108,-1.376
deficit,Total,Total,1990-03-01,True,False,1991,2,-161.223,-269.238,6093.175,28.341,-132.882,-136.356,0.465,-2.238
deficit,Total,Total,1991-03-01,True,False,1992,2,-294.156,-290.323,6416.250,-40.419,-334.575,44.252,-0.630,0.690
deficit,Total,Total,1992-03-01,True,False,1993,2,-336.167,-255.050,6775.325,-4.317,-340.484,85.434,-0.064,1.261
deficit,Total,Total,1993-03-01,True,False,1994,2,-286.687,-203.183,7176.850,20.334,-266.353,63.170,0.283,0.880
deficit,Total,Total,1994-04-01,True,False,1995,2,-179.506,-163.952,7560.425,-2.509,-182.015,18.063,-0.033,0.239
deficit,Total,Total,1995-04-01,True,False,1996,2,-210.271,-107.431,7951.325,16.260,-194.011,86.580,0.204,1.089
deficit,Total,Total,1996-05-01,True,False,1997,2,-170.736,-21.884,8451.025,16.222,-154.514,132.630,0.192,1.569
deficit,Total,Total,1997-03-01,True,False,1998,2,-122.124,69.270,8930.800,-20.501,-142.625,211.895,-0.230,2.373
deficit,Total,Total,1998-03-01,True,False,1999,2,8.621,125.610,9479.625,-22.247,-13.626,139.236,-0.235,1.469
deficit,Total,Total,1999-04-01,True,False,2000,2,132.972,236.241,10117.075,-60.586,72.386,163.855,-0.599,1.620
deficit,Total,Total,2000-04-01,True,False,2001,2,239.098,128.236,10525.725,-166.923,72.175,56.061,-1.586,0.533
deficit,Total,Total,2001-05-01,True,False,2002,2,303.929,-157.758,10828.875,-149.927,154.002,-311.760,-1.385,-2.879
deficit,Total,Total,2002-03-01,True,False,2003,2,6.305,-377.585,11278.750,-206.329,-200.024,-177.561,-1.829,-1.574
deficit,Total,Total,2003-03-01,True,False,2004,2,-199.794,-412.727,12028.425,-229.526,-429.320,16.593,-1.908,0.138
deficit,Total,Total,2004-03-01,True,False,2005,2,-363.279,-318.346,12839.950,-64.023,-427.302,108.956,-0.499,0.849
deficit,Total,Total,2005-03-01,True,False,2006,2,-298.116,-248.181,13636.750,-146.971,-445.087,196.906,-1.078,1.444
deficit,Total,Total,2006-03-01,True,False,2007,2,-264.768,-160.701,14305.375,-130.898,-395.666,234.965,-0.915,1.642
deficit,Total,Total,2007-03-01,True,False,2008,2,-113.345,-458.553,14796.575,-335.046,-448.391,-10.162,-2.264,-0.069
deficit,Total,Total,2008-03-01,True,False,2009,2,-206.739,-1321.424,14467.300,-641.271,-848.010,-473.414,-4.433,-3.272
deficit,Total,Total,2009-03-01,True,False,2010,2,-1112.847,-1253.915,14884.400,-193.168,-1306.015,52.100,-1.298,0.350
deficit,Total,Total,2010-03-01,True,False,2011,2,-982.402,-1294.421,15466.525,-545.814,-1528.216,233.795,-3.529,1.512
deficit,Total,Total,2011-03-01,True,False,2012,2,-1073.283,-1076.468,16109.425,-119.852,-1193.135,116.667,-0.744,0.724
deficit,Total,Total,2012-03-01,True,False,2013,2,-604.917,-776.448,16687.775,-338.611,-943.528,167.080,-2.029,1.001
deficit,Total,Total,2013-05-01,True,False,2014,2,-553.403,-559.186,17428.100,-52.251,-605.654,46.468,-0.300,0.267
deficit,Total,Total,2014-04-01,True,False,2015,2,-464.169,-464.693,18164.250,-96.348,-560.517,95.824,-0.530,0.528
deficit,Total,Total,2015-03-01,True,False,2016,2,-451.902,-598.969,18641.325,-183.074,-634.976,36.007,-0.982,0.193
deficit,Total,Total,2016-03-01,True,False,2017,2,-547.068,-694.023,19375.175,-18.702,-565.770,-128.253,-0.097,-0.662
deficit,Total,Total,2017-06-01,True,False,2018,2,-561.095,-788.567,20436.325,-270.690,-831.785,43.218,-1.325,0.211
deficit,Total,Total,2018-05-01,True,False,2019,2,-970.287,-1002.770,21286.150,0.162,-970.125,-32.645,0.001,-0.153
deficit,Total,Total,2019-05-01,True,False,2020,2,-890.122,-3136.694,21320.225,-2477.520,-3367.642,230.948,-11.621,1.083
deficit,Total,Total,2020-03-01,True,False,2021,2,-1000.420,-2780.278,23004.125,-2585.212,-3585.632,805.354,-11.238,3.501
deficit,Total,Total,2021-07-01,True,False,2022,2,-1147.824,-1003.096,25517.575,-48.399,-1196.223,193.127,-0.190,0.757
deficit,Total,Total,2022-05-01,True,False,2023,2,-980.102,-2032.976,27330.050,-13.291,-993.393,-1039.583,-0.049,-3.804
deficit,Total,Total,2023-05-01,True,False,2024,2,-1562.246,-1838.709,28828.175,29.150,-1533.096,-305.613,0.101,-1.060
deficit,Total,Total,1984-02-01,True,False,1986,3,-231.200,-221.228,4526.250,38.338,-192.862,-28.366,0.847,-0.627
deficit,Total,Total,1985-02-01,True,False,1987,3,-240.010,-149.730,4767.650,91.926,-148.084,-1.646,1.928,-0.035
deficit,Total,Total,1986-02-01,True,False,1988,3,-166.722,-155.178,5138.550,54.376,-112.346,-42.832,1.058,-0.834
deficit,Total,Total,1987-02-01,True,False,1989,3,-164.328,-152.638,5554.675,19.443,-144.885,-7.753,0.350,-0.140
deficit,Total,Total,1988-03-01,True,False,1990,3,-169.668,-221.037,5898.750,5.948,-163.720,-57.317,0.101,-0.972
deficit,Total,Total,1989-02-01,True,False,1991,3,-146.439,-269.238,6093.175,34.504,-111.935,-157.303,0.566,-2.582
deficit,Total,Total,1990-03-01,True,False,1992,3,-124.410,-290.323,6416.250,25.441,-98.969,-191.354,0.397,-2.982
deficit,Total,Total,1991-03-01,True,False,1993,3,-221.047,-255.050,6775.325,-15.724,-236.771,-18.279,-0.232,-0.270
deficit,Total,Total,1992-03-01,True,False,1994,3,-267.226,-203.183,7176.850,18.197,-249.029,45.846,0.254,0.639
deficit,Total,Total,1993-03-01,True,False,1995,3,-284.374,-163.952,7560.425,46.121,-238.253,74.301,0.610,0.983
deficit,Total,Total,1994-04-01,True,False,1996,3,-179.856,-107.431,7951.325,13.976,-165.880,58.449,0.176,0.735
deficit,Total,Total,1995-04-01,True,False,1997,3,-230.064,-21.884,8451.025,23.166,-206.898,185.014,0.274,2.189
deficit,Total,Total,1996-05-01,True,False,1998,3,-193.795,69.270,8930.800,-12.615,-206.410,275.680,-0.141,3.087
deficit,Total,Total,1997-03-01,True,False,1999,3,-148.738,125.610,9479.625,-19.191,-167.929,293.539,-0.202,3.097
deficit,Total,Total,1998-03-01,True,False,2000,3,1.242,236.241,10117.075,-70.668,-69.426,305.667,-0.699,3.021
deficit,Total,Total,1999-04-01,True,False,2001,3,155.692,128.236,10525.725,-187.275,-31.583,159.819,-1.779,1.518
deficit,Total,Total,2000-04-01,True,False,2002,3,296.987,-157.758,10828.875,-292.402,4.585,-162.343,-2.700,-1.499
deficit,Total,Total,2001-05-01,True,False,2003,3,353.446,-377.585,11278.750,-364.535,-11.089,-366.496,-3.232,-3.249
deficit,Total,Total,2002-03-01,True,False,2004,3,61.259,-412.727,12028.425,-332.834,-271.575,-141.152,-2.767,-1.173
deficit,Total,Total,2003-03-01,True,False,2005,3,-122.716,-318.346,12839.950,-259.709,-382.425,64.079,-2.023,0.499
deficit,Total,Total,2004-03-01,True,False,2006,3,-272.647,-248.181,13636.750,-155.806,-428.453,180.272,-1.143,1.322
deficit,Total,Total,2005-03-01,True,False,2007,3,-268.098,-160.701,14305.375,-227.375,-495.473,334.772,-1.589,2.340
deficit,Total,Total,2006-03-01,True,False,2008,3,-250.323,-458.553,14796.575,-390.778,-641.101,182.548,-2.641,1.234
deficit,Total,Total,2007-03-01,True,False,2009,3,-133.782,-1321.424,14467.300,-724.841,-858.623,-462.801,-5.010,-3.199
deficit,Total,Total,2008-03-01,True,False,2010,3,-213.083,-1253.915,14884.400,-690.522,-903.605,-350.310,-4.639,-2.354
deficit,Total,Total,2009-03-01,True,False,2011,3,-671.476,-1294.421,15466.525,-646.280,-1317.756,23.335,-4.179,0.151
deficit,Total,Total,2010-03-01,True,False,2012,3,-631.292,-1076.468,16109.425,-544.987,-1176.279,99.811,-3.383,0.620
deficit,Total,Total,2011-03-01,True,False,2013,3,-686.429,-776.448,16687.775,-267.491,-953.920,177.472,-1.603,1.063
deficit,Total,Total,2012-03-01,True,False,2014,3,-379.843,-559.186,17428.100,-390.868,-770.711,211.525,-2.243,1.214
deficit,Total,Total,2013-05-01,True,False,2015,3,-372.978,-464.693,18164.250,-121.158,-494.136,29.443,-0.667,0.162
deficit,Total,Total,2014-04-01,True,False,2016,3,-531.971,-598.969,18641.325,-154.687,-686.658,87.689,-0.830,0.470
deficit,Total,Total,2015-03-01,True,False,2017,3,-451.432,-694.023,19375.175,-163.430,-614.862,-79.161,-0.844,-0.409
deficit,Total,Total,2016-03-01,True,False,2018,3,-546.639,-788.567,20436.325,-297.462,-844.101,55.534,-1.456,0.272
deficit,Total,Total,2017-06-01,True,False,2019,3,-687.923,-1002.770,21286.150,-459.084,-1147.007,144.237,-2.157,0.678
deficit,Total,Total,2018-05-01,True,False,2020,3,-1001.825,-3136.694,21320.225,-2446.387,-3448.212,311.518,-11.474,1.461
deficit,Total,Total,2019-05-01,True,False,2021,3,-960.029,-2780.278,23004.125,-2776.096,-3736.125,955.847,-12.068,4.155
deficit,Total,Total,2020-03-01,True,False,2022,3,-1114.226,-1003.096,25517.575,-529.727,-1643.953,640.857,-2.076,2.511
deficit,Total,Total,2021-07-01,True,False,2023,3,-781.917,-2032.976,27330.050,-113.294,-895.211,-1137.765,-0.415,-4.163
deficit,Total,Total,2022-05-01,True,False,2024,3,-1049.467,-1838.709,28828.175,-107.971,-1157.438,-681.271,-0.375,-2.363
deficit,Total,Total,1984-02-01,True,False,1987,4,-260.700,-149.730,4767.650,119.904,-140.796,-8.934,2.515,-0.187
deficit,Total,Total,1985-02-01,True,False,1988,4,-257.049,-155.178,5138.550,133.059,-123.990,-31.188,2.589,-0.607
deficit,Total,Total,1986-02-01,True,False,1989,4,-143.890,-152.638,5554.675,31.896,-111.994,-40.644,0.574,-0.732
deficit,Total,Total,1987-02-01,True,False,1990,4,-136.727,-221.037,5898.750,53.275,-83.452,-137.585,0.903,-2.332
deficit,Total,Total,1988-03-01,True,False,1991,4,-159.468,-269.238,6093.175,33.951,-125.517,-143.721,0.557,-2.359
deficit,Total,Total,1989-02-01,True,False,1992,4,-139.555,-290.323,6416.250,32.388,-107.167,-183.156,0.505,-2.855
deficit,Total,Total,1990-03-01,True,False,1993,4,-132.172,-255.050,6775.325,70.229,-61.943,-193.107,1.037,-2.850
deficit,Total,Total,1991-03-01,True,False,1994,4,-169.174,-203.183,7176.850,12.591,-156.583,-46.600,0.175,-0.649
deficit,Total,Total,1992-03-01,True,False,1995,4,-202.903,-163.952,7560.425,45.923,-156.980,-6.972,0.607,-0.092
deficit,Total,Total,1993-03-01,True,False,1996,4,-290.049,-107.431,7951.325,93.763,-196.286,88.855,1.179,1.117
deficit,Total,Total,1994-04-01,True,False,1997,4,-191.564,-21.884,8451.025,21.579,-169.985,148.101,0.255,1.752
deficit,Total,Total,1995-04-01,True,False,1998,4,-231.958,69.270,8930.800,-10.492,-242.450,311.720,-0.117,3.490
deficit,Total,Total,1996-05-01,True,False,1999,4,-219.154,125.610,9479.625,-8.405,-227.559,353.169,-0.089,3.726
deficit,Total,Total,1997-03-01,True,False,2000,4,-172.397,236.241,10117.075,-50.287,-222.684,458.925,-0.497,4.536
deficit,Total,Total,1998-03-01,True,False,2001,4,13.080,128.236,10525.725,-194.656,-181.576,309.812,-1.849,2.943
deficit,Total,Total,1999-04-01,True,False,2002,4,212.370,-157.758,10828.875,-312.433,-100.063,-57.695,-2.885,-0.533
deficit,Total,Total,2000-04-01,True,False,2003,4,323.786,-377.585,11278.750,-521.974,-198.188,-179.397,-4.628,-1.591
deficit,Total,Total,2001-05-01,True,False,2004,4,399.523,-412.727,12028.425,-520.022,-120.499,-292.228,-4.323,-2.429
deficit,Total,Total,2002-03-01,True,False,2005,4,111.095,-318.346,12839.950,-345.706,-234.611,-83.735,-2.692,-0.652
deficit,Total,Total,2003-03-01,True,False,2006,4,-57.338,-248.181,13636.750,-326.380,-383.718,135.537,-2.393,0.994
deficit,Total,Total,2004-03-01,True,False,2007,4,-274.281,-160.701,14305.375,-191.470,-465.751,305.050,-1.338,2.132
deficit,Total,Total,2005-03-01,True,False,2008,4,-246.064,-458.553,14796.575,-476.878,-722.942,264.389,-3.223,1.787
deficit,Total,Total,2006-03-01,True,False,2009,4,-224.345,-1321.424,14467.300,-776.195,-1000.540,-320.884,-5.365,-2.218
deficit,Total,Total,2007-03-01,True,False,2010,4,-156.584,-1253.915,14884.400,-773.887,-930.471,-323.444,-5.199,-2.173
deficit,Total,Total,2008-03-01,True,False,2011,4,-93.433,-1294.421,15466.525,-867.413,-960.846,-333.575,-5.608,-2.157
deficit,Total,Total,2009-03-01,True,False,2012,4,-314.707,-1076.468,16109.425,-660.523,-975.230,-101.238,-4.100,-0.628
deficit,Total,Total,2010-03-01,True,False,2013,4,-516.769,-776.448,16687.775,-354.446,-871.215,94.767,-2.124,0.568
deficit,Total,Total,2011-03-01,True,False,2014,4,-510.332,-559.186,17428.100,-247.970,-758.302,199.116,-1.423,1.142
deficit,Total,Total,2012-03-01,True,False,2015,4,-252.923,-464.693,18164.250,-423.456,-676.379,211.686,-2.331,1.165
deficit,Total,Total,2013-05-01,True,False,2016,4,-427.232,-598.969,18641.325,-146.480,-573.712,-25.257,-0.786,-0.135
deficit,Total,Total,2014-04-01,True,False,2017,4,-573.521,-694.023,19375.175,-140.552,-714.073,20.050,-0.725,0.103
deficit,Total,Total,2015-03-01,True,False,2018,4,-485.616,-788.567,20436.325,-391.738,-877.354,88.787,-1.917,0.434
deficit,Total,Total,2016-03-01,True,False,2019,4,-709.216,-1002.770,21286.150,-495.770,-1204.986,202.216,-2.329,0.950
deficit,Total,Total,2017-06-01,True,False,2020,4,-773.858,-3136.694,21320.225,-2831.034,-3604.892,468.198,-13.279,2.196
deficit,Total,Total,2018-05-01,True,False,2021,4,-1117.988,-2780.278,23004.125,-2730.887,-3848.875,1068.597,-11.871,4.645
deficit,Total,Total,2019-05-01,True,False,2022,4,-1113.195,-1003.096,25517.575,-743.478,-1856.673,853.577,-2.914,3.345
deficit,Total,Total,2020-03-01,True,False,2023,4,-1111.032,-2032.976,27330.050,-220.021,-1331.053,-701.923,-0.805,-2.568
deficit,Total,Total,2021-07-01,True,False,2024,4,-744.614,-1838.709,28828.175,-275.107,-1019.721,-818.988,-0.954,-2.841
deficit,Total,Total,1984-02-01,True,False,1988,5,-287.700,-155.178,5138.550,166.236,-121.464,-33.714,3.235,-0.656
deficit,Total,Total,1985-02-01,True,False,1989,5,-279.571,-152.638,5554.675,144.262,-135.309,-17.329,2.597,-0.312
deficit,Total,Total,1986-02-01,True,False,1990,5,-121.316,-221.037,5898.750,73.310,-48.006,-173.031,1.243,-2.933
deficit,Total,Total,1987-02-01,True,False,1991,5,-109.498,-269.238,6093.175,85.976,-23.522,-245.716,1.411,-4.033
deficit,Total,Total,1988-03-01,True,False,1992,5,-153.926,-290.323,6416.250,32.216,-121.710,-168.613,0.502,-2.628
deficit,Total,Total,1989-02-01,True,False,1993,5,-135.178,-255.050,6775.325,66.828,-68.350,-186.700,0.986,-2.756
deficit,Total,Total,1990-03-01,True,False,1994,5,-121.459,-203.183,7176.850,141.694,20.235,-223.418,1.974,-3.113
deficit,Total,Total,1991-03-01,True,False,1995,5,-68.765,-163.952,7560.425,40.465,-28.300,-135.652,0.535,-1.794
deficit,Total,Total,1992-03-01,True,False,1996,5,-188.831,-107.431,7951.325,94.585,-94.246,-13.185,1.190,-0.166
deficit,Total,Total,1993-03-01,True,False,1997,5,-321.679,-21.884,8451.025,138.668,-183.011,161.127,1.641,1.907
deficit,Total,Total,1994-04-01,True,False,1998,5,-187.233,69.270,8930.800,-13.163,-200.396,269.666,-0.147,3.020
deficit,Total,Total,1995-04-01,True,False,1999,5,-266.290,125.610,9479.625,-4.382,-270.672,396.282,-0.046,4.180
deficit,Total,Total,1996-05-01,True,False,2000,5,-244.414,236.241,10117.075,-38.030,-282.444,518.685,-0.376,5.127
deficit,Total,Total,1997-03-01,True,False,2001,5,-166.640,128.236,10525.725,-170.452,-337.092,465.328,-1.619,4.421
deficit,Total,Total,1998-03-01,True,False,2002,5,66.747,-157.758,10828.875,-321.371,-254.624,96.866,-2.968,0.895
deficit,Total,Total,1999-04-01,True,False,2003,5,212.626,-377.585,11278.750,-534.540,-321.914,-55.671,-4.739,-0.494
deficit,Total,Total,2000-04-01,True,False,2004,5,347.792,-412.727,12028.425,-689.272,-341.480,-71.247,-5.730,-0.592
deficit,Total,Total,2001-05-01,True,False,2005,5,436.787,-318.346,12839.950,-543.618,-106.831,-211.515,-4.234,-1.647
deficit,Total,Total,2002-03-01,True,False,2006,5,135.396,-248.181,13636.750,-393.564,-258.168,9.987,-2.886,0.073
deficit,Total,Total,2003-03-01,True,False,2007,5,-8.670,-160.701,14305.375,-384.384,-393.054,232.353,-2.687,1.624
deficit,Total,Total,2004-03-01,True,False,2008,5,-285.884,-458.553,14796.575,-422.046,-707.930,249.377,-2.852,1.685
deficit,Total,Total,2005-03-01,True,False,2009,5,-218.897,-1321.424,14467.300,-847.207,-1066.104,-255.320,-5.856,-1.765
deficit,Total,Total,2006-03-01,True,False,2010,5,-215.541,-1253.915,14884.400,-812.993,-1028.534,-225.381,-5.462,-1.514
deficit,Total,Total,2007-03-01,True,False,2011,5,-34.582,-1294.421,15466.525,-957.058,-991.640,-302.781,-6.188,-1.958
deficit,Total,Total,2008-03-01,True,False,2012,5,104.727,-1076.468,16109.425,-795.208,-690.481,-385.987,-4.936,-2.396
deficit,Total,Total,2009-03-01,True,False,2013,5,-285.998,-776.448,16687.775,-476.759,-762.757,-13.691,-2.857,-0.082
deficit,Total,Total,2010-03-01,True,False,2014,5,-456.203,-559.186,17428.100,-198.779,-654.982,95.796,-1.141,0.550
deficit,Total,Total,2011-03-01,True,False,2015,5,-534.873,-464.693,18164.250,-200.211,-735.084,270.391,-1.102,1.489
deficit,Total,Total,2012-03-01,True,False,2016,5,-255.796,-598.969,18641.325,-498.538,-754.334,155.365,-2.674,0.833
deficit,Total,Total,2013-05-01,True,False,2017,5,-479.077,-694.023,19375.175,-108.285,-587.362,-106.661,-0.559,-0.551
deficit,Total,Total,2014-04-01,True,False,2018,5,-624.810,-788.567,20436.325,-368.433,-993.243,204.676,-1.803,1.002
deficit,Total,Total,2015-03-01,True,False,2019,5,-604.924,-1002.770,21286.150,-586.977,-1191.901,189.131,-2.758,0.889
deficit,Total,Total,2016-03-01,True,False,2020,5,-797.079,-3136.694,21320.225,-2866.729,-3663.808,527.114,-13.446,2.472
deficit,Total,Total,2017-06-01,True,False,2021,5,-879.311,-2780.278,23004.125,-3045.706,-3925.017,1144.739,-13.240,4.976
deficit,Total,Total,2018-05-01,True,False,2022,5,-1273.054,-1003.096,25517.575,-680.549,-1953.603,950.507,-2.667,3.725
deficit,Total,Total,2019-05-01,True,False,2023,5,-1118.514,-2032.976,27330.050,-450.894,-1569.408,-463.568,-1.650,-1.696
deficit,Total,Total,2020-03-01,True,False,2024,5,-1137.723,-1838.709,28828.175,-430.347,-1568.070,-270.639,-1.493,-0.939
deficit,Total,Total,1984-02-01,True,False,1989,6,-323.100,-152.638,5554.675,185.791,-137.309,-15.329,3.345,-0.276
deficit,Total,Total,1985-02-01,True,False,1990,6,-302.073,-221.037,5898.750,223.245,-78.828,-142.209,3.785,-2.411
deficit,Total,Total,1986-02-01,True,False,1991,6,-106.127,-269.238,6093.175,112.480,6.353,-275.591,1.846,-4.523
deficit,Total,Total,1987-02-01,True,False,1992,6,-83.970,-290.323,6416.250,87.586,3.616,-293.939,1.365,-4.581
deficit,Total,Total,1988-03-01,True,False,1993,6,-138.591,-255.050,6775.325,67.758,-70.833,-184.217,1.000,-2.719
deficit,Total,Total,1989-02-01,True,False,1994,6,-129.951,-203.183,7176.850,151.407,21.456,-224.639,2.110,-3.130
deficit,Total,Total,1990-03-01,True,False,1995,6,-110.427,-163.952,7560.425,199.578,89.151,-253.103,2.640,-3.348
deficit,Total,Total,1991-03-01,True,False,1996,6,-65.746,-107.431,7951.325,89.749,24.003,-131.434,1.129,-1.653
deficit,Total,Total,1992-03-01,True,False,1997,6,-236.446,-21.884,8451.025,139.531,-96.915,75.031,1.651,0.888
deficit,Total,Total,1993-03-01,True,False,1998,6,-359.705,69.270,8930.800,130.641,-229.064,298.334,1.463,3.341
deficit,Total,Total,1994-04-01,True,False,1999,6,-212.686,125.610,9479.625,-7.657,-220.343,345.953,-0.081,3.649
deficit,Total,Total,1995-04-01,True,False,2000,6,-299.182,236.241,10117.075,-33.103,-332.285,568.526,-0.327,5.619
deficit,Total,Total,1996-05-01,True,False,2001,6,-258.787,128.236,10525.725,-157.163,-415.950,544.186,-1.493,5.170
deficit,Total,Total,1997-03-01,True,False,2002,6,-187.523,-157.758,10828.875,-229.477,-417.000,259.242,-2.119,2.394
deficit,Total,Total,1998-03-01,True,False,2003,6,53.345,-377.585,11278.750,-542.572,-489.227,111.642,-4.811,0.990
deficit,Total,Total,1999-04-01,True,False,2004,6,238.502,-412.727,12028.425,-701.026,-462.524,49.797,-5.828,0.414
deficit,Total,Total,2000-04-01,True,False,2005,6,378.959,-318.346,12839.950,-728.976,-350.017,31.671,-5.677,0.247
deficit,Total,Total,2001-05-01,True,False,2006,6,508.294,-248.181,13636.750,-632.751,-124.457,-123.724,-4.640,-0.907
deficit,Total,Total,2002-03-01,True,False,2007,6,175.170,-160.701,14305.375,-453.393,-278.223,117.522,-3.169,0.822
deficit,Total,Total,2003-03-01,True,False,2008,6,26.603,-458.553,14796.575,-637.761,-611.158,152.605,-4.310,1.031
deficit,Total,Total,2004-03-01,True,False,2009,6,-280.978,-1321.424,14467.300,-783.881,-1064.859,-256.565,-5.418,-1.773
deficit,Total,Total,2005-03-01,True,False,2010,6,-200.926,-1253.915,14884.400,-896.135,-1097.061,-156.854,-6.021,-1.054
deficit,Total,Total,2006-03-01,True,False,2011,6,-117.125,-1294.421,15466.525,-981.716,-1098.841,-195.580,-6.347,-1.265
deficit,Total,Total,2007-03-01,True,False,2012,6,154.959,-1076.468,16109.425,-882.096,-727.137,-349.331,-5.476,-2.168
deficit,Total,Total,2008-03-01,True,False,2013,6,69.714,-776.448,16687.775,-590.706,-520.992,-255.456,-3.540,-1.531
deficit,Total,Total,2009-03-01,True,False,2014,6,-305.125,-559.186,17428.100,-283.412,-588.537,29.351,-1.626,0.168
deficit,Total,Total,2010-03-01,True,False,2015,6,-465.630,-464.693,18164.250,-163.551,-629.181,164.488,-0.900,0.906
deficit,Total,Total,2011-03-01,True,False,2016,6,-631.731,-598.969,18641.325,-218.039,-849.770,250.801,-1.170,1.345
deficit,Total,Total,2012-03-01,True,False,2017,6,-198.950,-694.023,19375.175,-523.198,-722.148,28.125,-2.700,0.145
deficit,Total,Total,2013-05-01,True,False,2018,6,-539.245,-788.567,20436.325,-326.989,-866.234,77.667,-1.600,0.380
deficit,Total,Total,2014-04-01,True,False,2019,6,-721.306,-1002.770,21286.150,-569.286,-1290.592,287.822,-2.674,1.352
deficit,Total,Total,2015-03-01,True,False,2020,6,-694.289,-3136.694,21320.225,-2915.972,-3610.261,473.567,-13.677,2.221
deficit,Total,Total,2016-03-01,True,False,2021,6,-890.060,-2780.278,23004.125,-3086.331,-3976.391,1196.113,-13.416,5.200
deficit,Total,Total,2017-06-01,True,False,2022,6,-1025.076,-1003.096,25517.575,-958.891,-1983.967,980.871,-3.758,3.844
deficit,Total,Total,2018-05-01,True,False,2023,6,-1270.735,-2032.976,27330.050,-377.581,-1648.316,-384.660,-1.382,-1.407
deficit,Total,Total,2019-05-01,True,False,2024,6,-1067.344,-1838.709,28828.175,-675.856,-1743.200,-95.509,-2.344,-0.331
deficit,Total,Total,1996-05-01,True,False,2002,7,-285.125,-157.758,10828.875,-212.387,-497.512,339.754,-1.961,3.137
deficit,Total,Total,1997-03-01,True,False,2003,7,-201.833,-377.585,11278.750,-470.284,-672.117,294.532,-4.170,2.611
deficit,Total,Total,1998-03-01,True,False,2004,7,70.199,-412.727,12028.425,-707.900,-637.701,224.974,-5.885,1.870
deficit,Total,Total,1999-04-01,True,False,2005,7,262.639,-318.346,12839.950,-740.289,-477.650,159.304,-5.766,1.241
deficit,Total,Total,2000-04-01,True,False,2006,7,440.023,-248.181,13636.750,-829.074,-389.051,140.870,-6.080,1.033
deficit,Total,Total,2001-05-01,True,False,2007,7,578.127,-160.701,14305.375,-722.704,-144.577,-16.124,-5.052,-0.113
deficit,Total,Total,2002-03-01,True,False,2008,7,212.822,-458.553,14796.575,-713.130,-500.308,41.755,-4.820,0.282
deficit,Total,Total,2003-03-01,True,False,2009,7,61.421,-1321.424,14467.300,-1012.224,-950.803,-370.621,-6.997,-2.562
deficit,Total,Total,2004-03-01,True,False,2010,7,-272.468,-1253.915,14884.400,-826.477,-1098.945,-154.970,-5.553,-1.041
deficit,Total,Total,2005-03-01,True,False,2011,7,-94.995,-1294.421,15466.525,-1070.183,-1165.178,-129.243,-6.919,-0.836
deficit,Total,Total,2006-03-01,True,False,2012,7,57.648,-1076.468,16109.425,-905.806,-848.158,-228.310,-5.623,-1.417
deficit,Total,Total,2007-03-01,True,False,2013,7,139.264,-776.448,16687.775,-702.582,-563.318,-213.130,-4.210,-1.277
deficit,Total,Total,2008-03-01,True,False,2014,7,90.379,-559.186,17428.100,-429.476,-339.097,-220.089,-2.464,-1.263
deficit,Total,Total,2009-03-01,True,False,2015,7,-277.849,-464.693,18164.250,-306.829,-584.678,119.985,-1.689,0.661
deficit,Total,Total,2010-03-01,True,False,2016,7,-507.802,-598.969,18641.325,-283.389,-791.191,192.222,-1.520,1.031
deficit,Total,Total,2011-03-01,True,False,2017,7,-586.984,-694.023,19375.175,-256.995,-843.979,149.956,-1.326,0.774
deficit,Total,Total,2012-03-01,True,False,2018,7,-172.418,-788.567,20436.325,-807.916,-980.334,191.767,-3.953,0.938
deficit,Total,Total,2013-05-01,True,False,2019,7,-646.973,-1002.770,21286.150,-513.859,-1160.832,158.062,-2.414,0.743
deficit,Total,Total,2014-04-01,True,False,2020,7,-803.193,-3136.694,21320.225,-2898.266,-3701.459,564.765,-13.594,2.649
deficit,Total,Total,2015-03-01,True,False,2021,7,-761.910,-2780.278,23004.125,-3135.055,-3896.965,1116.687,-13.628,4.854
deficit,Total,Total,2016-03-01,True,False,2022,7,-1041.837,-1003.096,25517.575,-1000.818,-2042.655,1039.559,-3.922,4.074
deficit,Total,Total,2017-06-01,True,False,2023,7,-1055.436,-2032.976,27330.050,-620.096,-1675.532,-357.444,-2.269,-1.308
deficit,Total,Total,2018-05-01,True,False,2024,7,-1242.134,-1838.709,28828.175,-590.648,-1832.782,-5.927,-2.049,-0.021
deficit,Total,Total,1996-05-01,True,False,2003,8,-311.084,-377.585,11278.750,-451.043,-762.127,384.542,-3.999,3.409
deficit,Total,Total,1997-03-01,True,False,2004,8,-220.058,-412.727,12028.425,-624.878,-844.936,432.209,-5.195,3.593
deficit,Total,Total,1998-03-01,True,False,2005,8,74.605,-318.346,12839.950,-744.019,-669.414,351.068,-5.795,2.734
deficit,Total,Total,1999-04-01,True,False,2006,8,309.326,-248.181,13636.750,-840.414,-531.088,282.907,-6.163,2.075
deficit,Total,Total,2000-04-01,True,False,2007,8,487.029,-160.701,14305.375,-931.780,-444.751,284.050,-6.513,1.986
deficit,Total,Total,2001-05-01,True,False,2008,8,641.477,-458.553,14796.575,-1006.967,-365.490,-93.063,-6.805,-0.629
deficit,Total,Total,2002-03-01,True,False,2009,8,263.048,-1321.424,14467.300,-1095.192,-832.144,-489.280,-7.570,-3.382
deficit,Total,Total,2003-03-01,True,False,2010,8,95.911,-1253.915,14884.400,-1067.242,-971.331,-282.584,-7.170,-1.899
deficit,Total,Total,2004-03-01,True,False,2011,8,-175.669,-1294.421,15466.525,-985.018,-1160.687,-133.734,-6.369,-0.865
deficit,Total,Total,2005-03-01,True,False,2012,8,57.225,-1076.468,16109.425,-996.880,-939.655,-136.813,-6.188,-0.849
deficit,Total,Total,2006-03-01,True,False,2013,8,53.323,-776.448,16687.775,-732.885,-679.562,-96.886,-4.392,-0.581
deficit,Total,Total,2007-03-01,True,False,2014,8,162.773,-559.186,17428.100,-539.740,-376.967,-182.219,-3.097,-1.046
deficit,Total,Total,2008-03-01,True,False,2015,8,104.257,-464.693,18164.250,-433.693,-329.436,-135.257,-2.388,-0.745
deficit,Total,Total,2009-03-01,True,False,2016,8,-323.573,-598.969,18641.325,-417.580,-741.153,142.184,-2.240,0.763
deficit,Total,Total,2010-03-01,True,False,2017,8,-516.420,-694.023,19375.175,-288.649,-805.069,111.046,-1.490,0.573
deficit,Total,Total,2011-03-01,True,False,2018,8,-580.767,-788.567,20436.325,-520.741,-1101.508,312.941,-2.548,1.531
deficit,Total,Total,2012-03-01,True,False,2019,8,-220.965,-1002.770,21286.150,-1031.711,-1252.676,249.906,-4.847,1.174
deficit,Total,Total,2013-05-01,True,False,2020,8,-731.591,-3136.694,21320.225,-2835.182,-3566.773,430.079,-13.298,2.017
deficit,Total,Total,2014-04-01,True,False,2021,8,-877.686,-2780.278,23004.125,-3120.117,-3997.803,1217.525,-13.563,5.293
deficit,Total,Total,2015-03-01,True,False,2022,8,-898.877,-1003.096,25517.575,-1062.690,-1961.567,958.471,-4.165,3.756
deficit,Total,Total,2016-03-01,True,False,2023,8,-1079.489,-2032.976,27330.050,-663.592,-1743.081,-289.895,-2.428,-1.061
deficit,Total,Total,2017-06-01,True,False,2024,8,-1080.880,-1838.709,28828.175,-826.409,-1907.289,68.580,-2.867,0.238
deficit,Total,Total,1996-05-01,True,False,2004,9,-342.259,-412.727,12028.425,-603.272,-945.531,532.804,-5.015,4.430
deficit,Total,Total,1997-03-01,True,False,2005,9,-255.416,-318.346,12839.950,-649.162,-904.578,586.232,-5.056,4.566
deficit,Total,Total,1998-03-01,True,False,2006,9,115.077,-248.181,13636.750,-843.421,-728.344,480.163,-6.185,3.521
deficit,Total,Total,1999-04-01,True,False,2007,9,337.600,-160.701,14305.375,-943.872,-606.272,445.571,-6.598,3.115
deficit,Total,Total,2000-04-01,True,False,2008,9,527.254,-458.553,14796.575,-1234.508,-707.254,248.701,-8.343,1.681
deficit,Total,Total,2001-05-01,True,False,2009,9,718.041,-1321.424,14467.300,-1413.351,-695.310,-626.114,-9.769,-4.328
deficit,Total,Total,2002-03-01,True,False,2010,9,308.591,-1253.915,14884.400,-1158.914,-850.323,-403.592,-7.786,-2.712
deficit,Total,Total,2003-03-01,True,False,2011,9,230.833,-1294.421,15466.525,-1237.379,-1006.546,-287.875,-8.000,-1.861
deficit,Total,Total,2004-03-01,True,False,2012,9,-37.777,-1076.468,16109.425,-904.829,-942.606,-133.862,-5.617,-0.831
deficit,Total,Total,2005-03-01,True,False,2013,9,68.953,-776.448,16687.775,-831.023,-762.070,-14.378,-4.980,-0.086
deficit,Total,Total,2006-03-01,True,False,2014,9,74.369,-559.186,17428.100,-573.082,-498.713,-60.473,-3.288,-0.347
deficit,Total,Total,2007-03-01,True,False,2015,9,186.284,-464.693,18164.250,-553.018,-366.734,-97.959,-3.045,-0.539
deficit,Total,Total,2008-03-01,True,False,2016,9,78.886,-598.969,18641.325,-536.984,-458.098,-140.871,-2.881,-0.756
deficit,Total,Total,2009-03-01,True,False,2017,9,-309.018,-694.023,19375.175,-433.387,-742.405,48.382,-2.237,0.250
deficit,Total,Total,2010-03-01,True,False,2018,9,-530.817,-788.567,20436.325,-544.401,-1075.218,286.651,-2.664,1.403
deficit,Total,Total,2011-03-01,True,False,2019,9,-660.945,-1002.770,21286.150,-723.729,-1384.674,381.904,-3.400,1.794
deficit,Total,Total,2012-03-01,True,False,2020,9,-229.805,-3136.694,21320.225,-3414.352,-3644.157,507.463,-16.015,2.380
deficit,Total,Total,2013-05-01,True,False,2021,9,-781.410,-2780.278,23004.125,-3052.161,-3833.571,1053.293,-13.268,4.579
deficit,Total,Total,2014-04-01,True,False,2022,9,-996.919,-1003.096,25517.575,-1048.750,-2045.669,1042.573,-4.110,4.086
deficit,Total,Total,2015-03-01,True,False,2023,9,-905.735,-2032.976,27330.050,-741.243,-1646.978,-385.998,-2.712,-1.412
deficit,Total,Total,2016-03-01,True,False,2024,9,-1092.992,-1838.709,28828.175,-871.375,-1964.367,125.658,-3.023,0.436
deficit,Total,Total,1996-05-01,True,False,2005,10,-375.925,-318.346,12839.950,-624.190,-1000.115,681.769,-4.861,5.310
deficit,Total,Total,1997-03-01,True,False,2006,10,-268.103,-248.181,13636.750,-724.740,-992.843,744.662,-5.315,5.461
deficit,Total,Total,1998-03-01,True,False,2007,10,129.557,-160.701,14305.375,-946.530,-816.973,656.272,-6.617,4.588
deficit,Total,Total,1999-04-01,True,False,2008,10,358.130,-458.553,14796.575,-1247.317,-889.187,430.634,-8.430,2.910
deficit,Total,Total,2000-04-01,True,False,2009,10,580.028,-1321.424,14467.300,-1658.249,-1078.221,-243.203,-11.462,-1.681
deficit,Total,Total,2001-05-01,True,False,2010,10,806.100,-1253.915,14884.400,-1515.576,-709.476,-544.439,-10.182,-3.658
deficit,Total,Total,2002-03-01,True,False,2011,10,453.673,-1294.421,15466.525,-1337.402,-883.729,-410.692,-8.647,-2.655
deficit,Total,Total,2003-03-01,True,False,2012,10,405.496,-1076.468,16109.425,-1179.477,-773.981,-302.487,-7.322,-1.878
deficit,Total,Total,2004-03-01,True,False,2013,10,-34.396,-776.448,16687.775,-732.925,-767.321,-9.127,-4.392,-0.055
deficit,Total,Total,2005-03-01,True,False,2014,10,98.718,-559.186,17428.100,-678.681,-579.963,20.777,-3.894,0.119
deficit,Total,Total,2006-03-01,True,False,2015,10,90.776,-464.693,18164.250,-588.069,-497.293,32.600,-3.238,0.179
deficit,Total,Total,2007-03-01,True,False,2016,10,163.446,-598.969,18641.325,-664.621,-501.175,-97.794,-3.565,-0.525
deficit,Total,Total,2008-03-01,True,False,2017,10,133.636,-694.023,19375.175,-547.407,-413.771,-280.252,-2.825,-1.446
deficit,Total,Total,2009-03-01,True,False,2018,10,-321.653,-788.567,20436.325,-702.290,-1023.943,235.376,-3.436,1.152
deficit,Total,Total,2010-03-01,True,False,2019,10,-637.527,-1002.770,21286.150,-741.511,-1379.038,376.268,-3.484,1.768
deficit,Total,Total,2011-03-01,True,False,2020,10,-705.411,-3136.694,21320.225,-3072.109,-3777.520,640.826,-14.409,3.006
deficit,Total,Total,2012-03-01,True,False,2021,10,-233.082,-2780.278,23004.125,-3698.733,-3931.815,1151.537,-16.079,5.006
deficit,Total,Total,2013-05-01,True,False,2022,10,-886.239,-1003.096,25517.575,-959.939,-1846.178,843.082,-3.762,3.304
deficit,Total,Total,2014-04-01,True,False,2023,10,-1003.949,-2032.976,27330.050,-728.194,-1732.143,-300.833,-2.664,-1.101
deficit,Total,Total,2015-03-01,True,False,2024,10,-897.549,-1838.709,28828.175,-960.977,-1858.526,19.817,-3.333,0.069
deficit,Total,Total,1996-05-01,True,False,2006,11,-403.186,-248.181,13636.750,-696.628,-1099.814,851.633,-5.108,6.245
deficit,Total,Total,1997-03-01,True,False,2007,11,-277.745,-160.701,14305.375,-836.769,-1114.514,953.813,-5.849,6.668
deficit,Total,Total,1998-03-01,True,False,2008,11,138.018,-458.553,14796.575,-1248.788,-1110.770,652.217,-8.440,4.408
deficit,Total,Total,1999-04-01,True,False,2009,11,382.901,-1321.424,14467.300,-1671.631,-1288.730,-32.694,-11.555,-0.226
deficit,Total,Total,2000-04-01,True,False,2010,11,633.932,-1253.915,14884.400,-1777.728,-1143.796,-110.119,-11.944,-0.740
deficit,Total,Total,2001-05-01,True,False,2011,11,882.812,-1294.421,15466.525,-1656.138,-773.326,-521.095,-10.708,-3.369
deficit,Total,Total,2002-03-01,True,False,2012,11,653.061,-1076.468,16109.425,-1287.467,-634.406,-442.062,-7.992,-2.744
deficit,Total,Total,2003-03-01,True,False,2013,11,458.855,-776.448,16687.775,-1032.573,-573.718,-202.730,-6.188,-1.215
deficit,Total,Total,2004-03-01,True,False,2014,11,-15.094,-559.186,17428.100,-575.115,-590.209,31.023,-3.300,0.178
deficit,Total,Total,2005-03-01,True,False,2015,11,122.479,-464.693,18164.250,-700.694,-578.215,113.522,-3.858,0.625
deficit,Total,Total,2006-03-01,True,False,2016,11,70.154,-598.969,18641.325,-702.552,-632.398,33.429,-3.769,0.179
deficit,Total,Total,2007-03-01,True,False,2017,11,217.092,-694.023,19375.175,-683.613,-466.521,-227.502,-3.528,-1.174
deficit,Total,Total,2008-03-01,True,False,2018,11,201.660,-788.567,20436.325,-818.621,-616.961,-171.606,-4.006,-0.840
deficit,Total,Total,2009-03-01,True,False,2019,11,-420.495,-1002.770,21286.150,-915.243,-1335.738,332.968,-4.300,1.564
deficit,Total,Total,2010-03-01,True,False,2020,11,-680.729,-3136.694,21320.225,-3089.073,-3769.802,633.108,-14.489,2.970
deficit,Total,Total,2011-03-01,True,False,2021,11,-724.831,-2780.278,23004.125,-3328.649,-4053.480,1273.202,-14.470,5.535
deficit,Total,Total,2012-03-01,True,False,2022,11,-294.879,-1003.096,25517.575,-1670.823,-1965.702,962.606,-6.548,3.772
deficit,Total,Total,2013-05-01,True,False,2023,11,-893.742,-2032.976,27330.050,-621.640,-1515.382,-517.594,-2.275,-1.894
deficit,Total,Total,2014-04-01,True,False,2024,11,-1001.361,-1838.709,28828.175,-943.094,-1944.455,105.746,-3.271,0.367
